title,year,mileage,price,price_text,condition,location,postcode,shipping,listing_type,sold_date,bids,seller,url,image_url,scraped_at,proxy_used
Shop on eBay,,,,$20.00,Brand New,N/A,,N/A,Buy It Now,N/A,,N/A,https://ebay.com/itm/123456?itmmeta=012DEW30YG0MEEKND7NH&hash=item123546:g:acwAA9KNiJowH:sc:ShippingMethodStandard!95008!US!-1&itmprp=enc%3AbgepL1tlUHjMGCVfSTGJh%2BzsVKeJ3CQk7NizDI4BZeppuFnmyS6Ijyp8lh%2FnEw%2BWqO7uTV1Q6izE1R0T54aV8j71F4xlWfVcGft4%2FiOQhtqVXA1rW6M1atPARQRmhqUxtEPJKhKtSFgI%2Bvwlzb0GwVCtkp%3ABlBMUObkmabpYw,https://ir.ebaystatic.com/rs/v/fxxj3ttftm5ltcqnto1o4baovyl.png,2025-05-25T09:07:15.135260,
Shop on eBay,,,,$20.00,Brand New,N/A,,N/A,Buy It Now,N/A,,N/A,https://ebay.com/itm/123456?itmmeta=012DEW30YG0MEEKND7NH&hash=item123546:g:acwAA9KNiJowH:sc:ShippingMethodStandard!95008!US!-1&itmprp=enc%3AbgepL1tlUHjMGCVfSTGJh%2BzsVKeJ3CQk7NizDI4BZeppuFnmyS6Ijyp8lh%2FnEw%2BWqO7uTV1Q6izE1R0T54aV8j71F4xlWfVcGft4%2FiOQhtqVXA1rW6M1atPARQRmhqUxtEPJKhKtSFgI%2Bvwlzb0GwVCtkp%3ABlBMUObkmabpYw,https://ir.ebaystatic.com/rs/v/fxxj3ttftm5ltcqnto1o4baovyl.png,2025-05-25T09:07:15.166995,
Ford Transit 350 L3 359 Leader EcoBlue,,,8250.0,"Â£8,250.00",N/A,N/A,,N/A,Buy It Now,N/A,,faton2005 (201) 100%,https://www.ebay.co.uk/itm/197274101641?_skw=ford+transit&itmmeta=01JW37PFX5A08HSDRF168GF1W5&hash=item2dee73e789:g:EWkAAeSwe8hoE7dw&itmprp=enc%3AAQAKAAAA0FkggFvd1GGDu0w3yXCmi1c16IAXaIvNq1siXdHA5VwkJLS9TH2DVZQCeOmF2fOL8LZXAEemLU93OIJo7Zy5DdfXTh9YjDf%2BpA9pM%2FjsgFj8%2BBRAFsb0i8ERgbJwMp7h6Yb3IY%2BQasJ5Sr2kbcW4I6nIMBvRWkVr63i%2FaUUFkiZaide5pt2aksJD5Wfqvi26PevFT7ZRHu4McT6Rs6QL5BWC%2FoIDZ59lscWqxamgg844g1SI14a%2F8aFgIuggzWbeIv61jHCaubIZFZ7jI4OlPpI%3D%7Ctkp%3ABk9SR9r-2efgZQ,https://i.ebayimg.com/images/g/EWkAAeSwe8hoE7dw/s-l500.webp,2025-05-25T09:07:15.196861,
NEW LISTINGFord Transit Customer Cam belt Broken 2017 93000 Miles,2017.0,93000.0,2500.0,"Â£2,500.00",Pre-owned,N/A,,N/A,Buy It Now,N/A,,petera9935 (792) 100%,https://www.ebay.co.uk/itm/197351849418?_skw=ford+transit&itmmeta=01JW37PFX5NA6MBWVXSD1PMQMF&hash=item2df3163dca:g:Tr8AAeSwfh9oMeLw&itmprp=enc%3AAQAKAAAA8FkggFvd1GGDu0w3yXCmi1cZX08aPaWhNR0tuJc2l9fFhcLIfjfA%2FjulrNs865Ib5ystDy18beaqYn3RSh6f%2BJ4QuxgXzFZeJhaOKTIDKmmVkfmywoC5LoJB6YDfCN8qdvgEG0GFWJIkgOTmE2F%2FS0lk7YCmEyfTcIJBdf%2FOyh6H3TepoWXBgbOkX7ZvVB8gVMj10MxrxAjFNe%2BGNMUHAV5xywZ3hiwV0r99z5UydwGAECIii2TxA3NO94lfYUVg7JB%2FXjCcGoviTL8xgzlo6Q4HWHY33xcdY9pU71ZcUBSi97ds4lbFgUXA4FWtU7%2F7Rg%3D%3D%7Ctkp%3ABk9SR9z-2efgZQ,https://i.ebayimg.com/images/g/Tr8AAeSwfh9oMeLw/s-l500.webp,2025-05-25T09:07:15.229978,
ford transit tipper single cab no vat,,,2495.0,"Â£2,495.00",2495,N/A,,N/A,Buy It Now,N/A,,dapr-7128 (1) 0%,https://www.ebay.co.uk/itm/388452672471?_skw=ford+transit&itmmeta=01JW37PFX5MQRVYZP7T5JCYSXR&hash=item5a719563d7:g:dcgAAOSwVq1oLuZf&itmprp=enc%3AAQAKAAAA8FkggFvd1GGDu0w3yXCmi1cAVNjfadDn%2FO3dhEmUJSSed%2BQCCIoTJkDDCb%2BF14i4Q74hUTHOft8%2Bfg4o2wTH3K1Zogs99bi17%2BZZKGXJQYj2X6K5g%2B1j%2Fj0NzteRLky29S7Cv8CuHwBw2rZbiv%2F3vhthFIewU7Clw5o28B10snVi0ADwcQJaoD1ULtNIlHS0Z%2BKnKJ2M9zpcB2oKgwrRU3k1Qp8Mc8SmaFezyhbbtt1VNbcPqHoRPIE57%2B44BUCiCvpjOwqlg0%2BTzBxJF4MYF7MyHDZ8xXvivYvdfpY8q8u4pS08po3vCisoFdrmesrdFQ%3D%3D%7Ctkp%3ABk9SR9z-2efgZQ,https://i.ebayimg.com/images/g/dcgAAOSwVq1oLuZf/s-l500.webp,2025-05-25T09:07:15.262630,
Spares or Repair Ford Transit 2016 LWB - NO RESERVE,2016.0,,1500.0,"Â£1,500.00",Pre-owned,N/A,,N/A,Auction,N/A,1.0,autos.cryst (481) 100%,https://www.ebay.co.uk/itm/226771152684?_skw=ford+transit&itmmeta=01JW37PFX5K96ST6A0EMY79VCP&hash=item34cc9d2f2c:g:lwQAAOSw~4toMJEh&itmprp=enc%3AAQAKAAAA8FkggFvd1GGDu0w3yXCmi1fW%2Br5ltlr3AoXNFPhsCA%2BkBWNacUrT9VHoaoSvKwaI5mT%2FP31TdC3QB0eZEOFjRJ4vvAQkgP8E53WNve0Jer%2B0PmJqWEWAIdXuD33o8of0o8OlMk8EhCw7L64RA5emkbRNgP0Z97Ls8I%2ByhY%2FnhNUEZVqTDUjOcbXLbO5%2Fkz6X8rL2WkXx35An6sDXfvMz%2BMVE9E3IwRfuGFWYfyINP3XobFgqPI9Npyjgg0QX6i3C5oZ02vUquSqCnu7seQi57JloF3RHqWezsqqY3SA4SWbhL6RfaZGi6s3bTEBxxsbsSg%3D%3D%7Ctkp%3ABk9SR9z-2efgZQ,https://i.ebayimg.com/images/g/lwQAAOSw~4toMJEh/s-l500.webp,2025-05-25T09:07:15.294620,
ford transit mk8 luton 2.2 years mot no vat,,,7995.0,"Â£7,995.00",Pre-owned,N/A,,N/A,Buy It Now,N/A,,jcr502 (344) 100%,https://www.ebay.co.uk/itm/197264401886?_skw=ford+transit&itmmeta=01JW37PFX5BD2X6TPE6WYH7535&hash=item2deddfe5de:g:8joAAOSw1oloD-IJ&itmprp=enc%3AAQAKAAAA8FkggFvd1GGDu0w3yXCmi1dQ1GyzUOczxfe6sBf0efzOQeyQWsUqTu05G0jq%2B2tSEOmunEjGOX5FO37gtLyx4xECb%2Bls%2BysGkPN%2FrkxupruElAko2440BIvB0r8fz9gUfVl%2FKSMBzZQSaLqLMoIKdc6xufIiqNM27vH1BVVdc0DpDx0TUfqYk%2FS8qbKFhRpp5a3ttkYVUSbYocbjPCOfbYoCtViQeM9cAKvSTGBonmGg1qvSJqrLlo%2BErjQ9lmDSqepztLqrOhDRzI2zQ2NuHmlX%2BfED%2BV34KwXhs4oVHHw%2F55pso7HPqhzYjzeQ2TOFJA%3D%3D%7Ctkp%3ABk9SR9z-2efgZQ,https://i.ebayimg.com/images/g/8joAAOSw1oloD-IJ/s-l500.webp,2025-05-25T09:07:15.329501,
"Ford Transit Connect, Diesel 2016",2016.0,,2800.0,"Â£2,800.00",N/A,N/A,,N/A,Auction,N/A,1.0,teethyboy1 (285) 100%,https://www.ebay.co.uk/itm/267259955080?_skw=ford+transit&itmmeta=01JW37PFX5K072VJHSBMAS405J&hash=item3e39ef4788:g:iMQAAeSwx7BoLiuM&itmprp=enc%3AAQAKAAAA8FkggFvd1GGDu0w3yXCmi1e5LEGlj6a%2F8aXcBSnpWMP19gQ8BHV5v1yHh5P%2BK3V0DjNYCnkKbs2G7YZonDY%2Foviqs6VIjAlptI9e61q7xWxZRdWKbLAL5Ulv8hLObVZ0%2F40y3wAOXeotAAA0lcF3i7BBKH%2FHnfEss1ptmwy%2BzhnrLT7Cm8CF%2BeyBnhBiMRusiSJzykgfUPFdWMYh8CqzebRj9A9lywx3Er0FHh4nLDSg7lI2qA0oro02xZX%2B%2F4RnUeJD8E3zrML2iDrdbtDOiZw6arcOPjC7J811QK7imEO%2B7cV1o6QJzRl%2BFYQAWCOWOA%3D%3D%7Ctkp%3ABk9SR9z-2efgZQ,https://i.ebayimg.com/images/g/iMQAAeSwx7BoLiuM/s-l500.webp,2025-05-25T09:07:15.358172,
Ford Transit for sale spare or repair,,,1000.0,"Â£1,000.00",Pre-owned,N/A,,N/A,Buy It Now,N/A,,95new_3 (40) 100%,https://www.ebay.co.uk/itm/135740978094?_skw=ford+transit&itmmeta=01JW37PFX5BK1W2EFGT7WCZ4A4&hash=item1f9acaf3ae:g:mtwAAOSwm9RoDpaV&itmprp=enc%3AAQAKAAAA0FkggFvd1GGDu0w3yXCmi1cU2U0fytF%2BZWQ0ZGNoayF1nS5kIqHsVFSednLPBh747jc%2F3v8OCMP%2FMxyNWLAXjzVT3N7Cg%2FVoghFJBjDV%2BtYEDSuwuiAvZiodHFh8nfgsK0B28qEicCOCdD2zw7hSj9%2BJm%2F447vRPayDEbV8WKLj2hxN%2BHEeVC%2BboHYy6AJeFGYB9HW%2BiEQU45lNQzvkv5jJAhacD%2B7%2FKjwgwhefRCgNMPSKj6%2BEpXwPvq3BJITA8NmflHTFFSMG138Lk0qFqSNA%3D%7Ctkp%3ABk9SR9z-2efgZQ,https://i.ebayimg.com/images/g/mtwAAOSwm9RoDpaV/s-l500.webp,2025-05-25T09:07:15.388424,
Ford Transit Tipper With High Sides. Suits Tree Surgeon / Arborist,,,5900.0,"Â£5,900.00",Pre-owned,N/A,,N/A,Auction,N/A,4.0,caz4tom (144) 100%,https://www.ebay.co.uk/itm/156994189528?_skw=ford+transit&itmmeta=01JW37PFX6J4F1227NRZY45TD9&hash=item248d9538d8:g:ndIAAeSwoNtoIjtw&itmprp=enc%3AAQAKAAAA0FkggFvd1GGDu0w3yXCmi1cj2RGyFQ4AQm5yUf3wmAtLh8ie8ptpMCw4NJpYehZadYinAFLmW4wwMdaSRfXywPiH%2BmD%2BieWbpdGjBkTG1tGc6%2FTNte3W12%2BhGo6cY%2Bay0nroU1TpF5mWaQc2znFMMaTEeN87KMuHbMOZIH57WKb%2FWUMgIMU83keSLOPIIpeY%2BC5NpdBL6oC%2FnJTk0C290crqF0RUNN5gYsqh4UfAhIfW5PRpkl3w8CMMdhtpHBgRc4tS03e6vNYde6bhV7A8gck%3D%7Ctkp%3ABk9SR9z-2efgZQ,https://i.ebayimg.com/images/g/ndIAAeSwoNtoIjtw/s-l500.webp,2025-05-25T09:07:15.419001,
ford transit dropside crewcab Tipper,,,3300.0,"Â£3,300.00",Pre-owned,N/A,,N/A,Buy It Now,N/A,,inftho.xrmk4tcw (18) 66.7%,https://www.ebay.co.uk/itm/256943549735?_skw=ford+transit&itmmeta=01JW37PFX6GC935S1SSAZMYT8Y&hash=item3bd3076d27:g:5F0AAOSwPApoLxca&itmprp=enc%3AAQAKAAAA0FkggFvd1GGDu0w3yXCmi1cxuMD4HhTDObHbdKcKiuIZL94%2FPo63VUZ%2BFBjKtruj7CWkTVx4vkpZE3OTGzc1B7wfVVus%2BX9irRGHpwJGItrmgj4J5QBIx4si403c1P%2Bpec55xYy2ski8aLC7nsfXMekl0S9aJew6bxO4U6edhDu%2FgqID%2BEmyIaYsBjwYkR2xbW2syCi7QXkkJd%2BsrgYfbhp7idRE7zuMSw3jK%2BBqW8zdrTx%2F3GX1NyUNCYv1%2Fk6FlQtQif9shyTR89PXVMo59Bo%3D%7Ctkp%3ABk9SR9z-2efgZQ,https://i.ebayimg.com/images/g/5F0AAOSwPApoLxca/s-l500.webp,2025-05-25T09:07:15.454732,
"Ford Transit MK7 2014 2.2litre Diesel White Tipper CrewCab Pickup 99,000 Miles",2014.0,99000.0,7000.0,"Â£7,000.00",Pre-owned,N/A,,N/A,Buy It Now,N/A,,livv-2908 (1) 0%,https://www.ebay.co.uk/itm/316817786739?_skw=ford+transit&itmmeta=01JW37PFX61CXVV22K2V4VM43G&hash=item49c3cfc773:g:V18AAeSwGdJoJ4un&itmprp=enc%3AAQAKAAAA0FkggFvd1GGDu0w3yXCmi1d%2BWgNYihz8wfCMdsB13fzdf2N31eETx3KkM%2BKpRHjDAxgVs8fZzAduUAQ%2Bd3RyFv1O4VO2gqY2VPLHaF4Y%2FHJv2CQ2JaQ9eih1yQY0v%2FWCOCW%2BHYPD8dR0JbWSggiwTrDovEXu%2FxNwgklXwm%2B--HszFRDTS8yFYvqM1RLEsYcojFQJY%2FGUDy5WHEwz5BRYBb9r8pe8eF5ekuN9NE3jxUs2Jo6jR7c5rSywoDVipu5UdM8vTAo7DfcXU0VZg85s4lU%3D%7Ctkp%3ABk9SR9z-2efgZQ,https://i.ebayimg.com/images/g/V18AAeSwGdJoJ4un/s-l500.webp,2025-05-25T09:07:15.486972,
ford transit dropside crewcab Tipper,,,2750.0,"Â£2,750.00",Pre-owned,N/A,,N/A,Buy It Now,N/A,,inftho.xrmk4tcw (18) 66.7%,https://www.ebay.co.uk/itm/256943495638?_skw=ford+transit&itmmeta=01JW37PFX674H4XMZJDMH9KRCV&hash=item3bd30699d6:g:5F0AAOSwPApoLxca&itmprp=enc%3AAQAKAAAA0FkggFvd1GGDu0w3yXCmi1ciY4fLJVEnMql%2Bb9fus6nuvGEwRM5dGOPFwJfVYilyajCnoygdCU2VmjHEtWw99%2Bx7TuiaQxOOxH1sEVxxhlLrT96wcL6GfaR23t%2BGLJnj5ENjpwJ4qKDAe1pTn1V4pU9x5qTUNcWyeb0Eyql2vzPmF3WF4cZP2vqDTtxRD4nx0sakhsGUiC8%2BKtabEJ4o4D9zyu%2Fxza%2FezQ7MRjYpuCrzUbbm0%2FYKjgt07i44OQSa2e%2Fg4ANGcQkkvAYfGR%2BpxXI%3D%7Ctkp%3ABk9SR9z-2efgZQ,https://i.ebayimg.com/images/g/5F0AAOSwPApoLxca/s-l500.webp,2025-05-25T09:07:15.516348,
2011 Ford Transit 2.2 TDCi 280 TREND Panel Van Diesel Manual Silver FWD NO VAT,2011.0,,2495.0,"Â£2,495.00",Rare Van Long Wheel Base Low Roof - Ready For Work ðŸ‘Œ,N/A,,N/A,Buy It Now,N/A,,40-tta (323) 100%,https://www.ebay.co.uk/itm/197345663340?_skw=ford+transit&itmmeta=01JW37PFX68GCSEAGY3JWRXAVR&hash=item2df2b7d96c:g:cSQAAOSwp5xoL4K3&itmprp=enc%3AAQAKAAAA0FkggFvd1GGDu0w3yXCmi1fCvPFoAkbSaNVQghcgjMLbVPdYg1yO9mg9ybNRx1R76%2BvUCzcdcICSRTf8puJofrP1CmknY3rLKWHjEhcwPs5LCsME9xUdEssvH5xMPrjB2HLDMP3QwBttFrKfheTfng9ONQBTOPogVyI3jNH0gSpxD3HGGN%2BcOm50%2FQpAceGpgSSAkiysx7SX9%2BnX0F5l9ruXhu3Zn5O771ZC28oWirdg9WByL9mhgxhVmNFn56gJ1XWJTVMR94BWsjiH7zxqCf8%3D%7Ctkp%3ABk9SR9z-2efgZQ,https://i.ebayimg.com/images/g/cSQAAOSwp5xoL4K3/s-l500.webp,2025-05-25T09:07:15.546718,
Ford Transit Connect LTD LWB 1.5TDci eco blue. Ulez compliant. 2019 127k,2019.0,,6200.0,"Â£6,200.00",Pre-owned,N/A,,N/A,Buy It Now,N/A,,jdav7980 (122) 100%,https://www.ebay.co.uk/itm/116613544453?_skw=ford+transit&itmmeta=01JW37PFX6QKKHZ32CD5F7D8EX&hash=item1b26b57a05:g:SuIAAeSwLMdoLxbc&itmprp=enc%3AAQAKAAAA8FkggFvd1GGDu0w3yXCmi1duLi5kIXOjjjjIVKTrWXMDHBupETJwjdyyK7LtpGwru12ureel9BTb9Ma7OiVlvOmUJ9Yc0oXWNhKr7Zr9OZc8DfSd8V5EEF3jMGgiHLjGKZZztxNHi2s%2BvEfQnfdbUPhkay2os2rSIjnvNipejQJUXM6fJINmgbuvDE%2BvJbYPFruhz9%2BBXyGwGR8yTbWWY5GNel4Ls5hcIjMzir6tP17jZbbUaE1XaAJgkjgABCCHZdD8qpxHyuLiKRD4EEDtUWGi%2B7PGgcw%2FSeqFrU3v2o9gns9KKmKqI%2FSA8PPeAtTUjQ%3D%3D%7Ctkp%3ABk9SR97-2efgZQ,https://i.ebayimg.com/images/g/SuIAAeSwLMdoLxbc/s-l500.webp,2025-05-25T09:07:15.577649,
Ford Transit 2012 Silver,2012.0,,2000.0,"Â£2,000.00",Pre-owned,N/A,,N/A,Buy It Now,N/A,,jayt1334 (405) 100%,https://www.ebay.co.uk/itm/335940539555?_skw=ford+transit&itmmeta=01JW37PFX642M83MKXVB6YAGQE&hash=item4e379dd4a3:g:D48AAeSwhR9n~322&itmprp=enc%3AAQAKAAAA0FkggFvd1GGDu0w3yXCmi1fNxIFC%2Bt1PASNqwDk5Qv2Zd0nEQe08HJRuYq8xfElPxgW7%2FQyWtBAKG11AMfn5a43vbKiTDrCHS28Q7Ysmk3v6sUsM6a%2F6can%2B29h6AQJq8%2BbCskpJfzC0YJEZC238vVxWISVS4Xy4nybVY1ix%2BY1A92qWUE8t4v%2Fvja8E7OCvixZ53e%2BpuXLwShS5V2p2LgDoDBZLMSUTW5KlOF2LV4MgltHl14W4jrBcRmHWqrLblRFFcBvYGXvieDf7ifGQbyM%3D%7Ctkp%3ABk9SR97-2efgZQ,https://i.ebayimg.com/images/g/D48AAeSwhR9n~322/s-l500.webp,2025-05-25T09:07:15.616890,
2020 FORD TRANSIT 2.0 ECOBLUE 5DR RWD L3H3 NON RUNNER / SPARES OR REPAIR,2020.0,,8100.0,"Â£8,100.00",Pre-owned,N/A,,N/A,Auction,N/A,50.0,"north-west-repo-cars (1,674) 99.6%",https://www.ebay.co.uk/itm/205488334848?_skw=ford+transit&itmmeta=01JW37PFX6W1TQ9RDMB8WJH6QX&hash=item2fd80f2800:g:FtAAAOSwhg5oC1rI&itmprp=enc%3AAQAKAAAA0FkggFvd1GGDu0w3yXCmi1f2p6BO9v4gdeYbZ5ShoRPO9WaSCcDDbNffNTI8qnkAULRKyCU2ZifjwRpRnVTPYockqmnSz9gYofQiY9ym%2FSqqxKhVCvVntz60QLwgN5t7UTcp5QCFsW3cShN5rumYWWUjyLshsgKtAMidSFPJBT0%2F2IAY1cMY%2BV1Szn1g3Gb2n%2B1z5jHZmdl8wVHchxNjeGV%2F6cDWmP0ECpm8Kc4Wm1pN8qFkZIRI1ktKtFQVpwPrUASaH7m5X5vxvpVJQ731Rr0%3D%7Ctkp%3ABk9SR97-2efgZQ,https://i.ebayimg.com/images/g/FtAAAOSwhg5oC1rI/s-l500.webp,2025-05-25T09:07:15.646987,
Ford Transit 2.4tdci High Roof,,,1220.0,"Â£1,220.00",Pre-owned,N/A,,N/A,Auction,N/A,11.0,"g.r.savage (1,714) 100%",https://www.ebay.co.uk/itm/286571414932?_skw=ford+transit&itmmeta=01JW37PFX6M7HXTXYAXEMTEHZ5&hash=item42b8fcc594:g:7nMAAOSwzYhoJkaf&itmprp=enc%3AAQAKAAAA8FkggFvd1GGDu0w3yXCmi1di4dZVPheUShLo5zP7%2BnlElNztXN4l8YUfPvPK86HPIzLBb0L200mZNwQ9HvkMRm%2Bdw4KXFQH7hr0BsWui7s1syFwud0RBLqM%2Fs6KI5ChAAbZZmGrBxhqxlHxLsdRzD0ww9P85rVxfzBEXvP2jD%2F3efQCDPgclhY8i%2Bp%2BJU9JgLTBDA%2BueEks2Oup%2Bde%2Fp352ZFPoDMccuzc9jsuJ0DIAYmyKZoqJ%2BTcJ0ttwpzVKqJgkFxApoC8tqsGscJmX264f4jl02J3a6legNv489GEduTnUOOaeumv8ya%2FW3wuAQ9A%3D%3D%7Ctkp%3ABk9SR97-2efgZQ,https://i.ebayimg.com/images/g/7nMAAOSwzYhoJkaf/s-l500.webp,2025-05-25T09:07:15.676091,
"Ford TRANSIT CUSTOM 2.2l Spares Repairs, Starts & Drives",,,1500.0,"Â£1,500.00",Pre-owned,N/A,,N/A,Auction,N/A,1.0,codenamestation (394) 90%,https://www.ebay.co.uk/itm/127108018323?_skw=ford+transit&itmmeta=01JW37PFX68C3K1C8JGQZ0J3BW&hash=item1d983a7093:g:YukAAOSw3zFoIkYA&itmprp=enc%3AAQAKAAAA0FkggFvd1GGDu0w3yXCmi1cZOdr2ziyZsO0CuBprdEH%2Be3fTnFd8Yfw3WrD3xHhipDK%2BMEvjSKUwkyzxzTrU4uUpZQABIGCoCJLMh%2BrkWEkacTReBMJ8UGnsmWzGcHv2cxnattQSffWWGrZC2iaICpnxK%2BIBUABYGAIKU8npM0jkadV%2FQkFZdwqjX6zoxfumGrEzPXBEorGUdvqvdtX38PUM6WDZ2C1yDK6trdh%2BH6GBBH7xYm2qjcxj7JAUL5InXgdj0c%2FbLjMOmqaNO%2F2NFVQ%3D%7Ctkp%3ABk9SR97-2efgZQ,https://i.ebayimg.com/images/g/YukAAOSw3zFoIkYA/s-l500.webp,2025-05-25T09:07:15.706363,
Ford Transit Custom Spares Or Repair,,,1600.0,"Â£1,600.00",Pre-owned,N/A,,N/A,Buy It Now,N/A,,chakem53 (58) 100%,https://www.ebay.co.uk/itm/286589211279?_skw=ford+transit&itmmeta=01JW37PFX6P2QD7T23M30JQYJ6&hash=item42ba0c528f:g:8okAAeSw3S1oL3El&itmprp=enc%3AAQAKAAAA8FkggFvd1GGDu0w3yXCmi1dThgrUFo7FnS9yuZxhggV7b7m63hQjw5kxx%2FMW6Kc25ecZtq3ShvtN774%2Bxsqq7OE6OcO%2FrqTH1oLRi5R83UZv0CFX0AzEOxcwwLJqjV2Q%2FM4AmloRoShtFn3PhfM0chumhaK3bcuGg3W7JpJI%2FpSW098N78S%2FWQ5r22ej%2BcXARsRsQTGJhkfIp0lEKyv5pkvtQ2GEmMcwNisZbETWKjlIqRsZ37qs4ADEFQQZweKq1em8cU1zJqub%2FyP9QPGmRzShDslmD4Pe%2BWuBHIRpgZJWfHPwEhQKeSmdHHtBr2IFKA%3D%3D%7Ctkp%3ABk9SR97-2efgZQ,https://i.ebayimg.com/images/g/8okAAeSw3S1oL3El/s-l500.webp,2025-05-25T09:07:15.738225,
2016 FORD TRANSIT 350 HI ROOF LWB PANEL VAN,2016.0,,1240.0,"Â£1,240.00",Pre-owned,N/A,,N/A,Auction,N/A,19.0,jorja1521 (426) 99.3%,https://www.ebay.co.uk/itm/156991265383?_skw=ford+transit&itmmeta=01JW37PFX6WHCZXWBY3CWT9XEE&hash=item248d689a67:g:Y28AAOSwoxdnm~AP&itmprp=enc%3AAQAKAAAA0FkggFvd1GGDu0w3yXCmi1cgNMPHxG5aTKQUx%2Fk8RB0zNsevUoVQ9ZLRrFP6%2Fy%2FHA1rDBsplYjJ4OxdWRU82WQpYzw%2B3LPMDjzmqA18NxpAQFt45Ilf8XFTTn4s0U3iVdcEAKnI1YZhFUXrWIAaJvu%2B7IyYcPHrtTK5aohrH%2F64qJzHXaoWu0kOyBIs68AAEQ0LJdy5qyKr9IxJprN65hF%2BWvbsqQl5SEA9dJD1mYqTB40VEAAbb50ilpVUHTYcslHnK7WDqoZrw9j8bYSHCUx0%3D%7Ctkp%3ABk9SR97-2efgZQ,https://i.ebayimg.com/images/g/Y28AAOSwoxdnm~AP/s-l500.webp,2025-05-25T09:07:15.778955,
2018 (68) FORD TRANSIT COURIER LIMITED TDCI 1.5 100 MANUAL GREY SALVAGED DAMAGED,2018.0,,3200.0,"Â£3,200.00",Pre-owned,N/A,,N/A,Auction,N/A,38.0,caraj_123 (57) 100%,https://www.ebay.co.uk/itm/256933107425?_skw=ford+transit&itmmeta=01JW37PFX6SJHC4VWSJSFCSZ08&hash=item3bd26816e1:g:16gAAOSw-ZxoJeUt&itmprp=enc%3AAQAKAAAA8FkggFvd1GGDu0w3yXCmi1dc3QOsi1XQCnZlgNdS8puh%2F0HI5RiKJ4iuayGbcypoGV8gjX4NZUlKUmI7h4upNlO77auW6ufV76Y--VkBnsAyZTwsefBaIugqmb87ZiEo6zjl8Tynk3uG2vQVMXQFKzMU%2FtgneG75gOyeBh%2B%2B2OZFuu5lwuL1e6lYIu%2FYibHKeB5fxaTQWJa3SBofFbLJDZAWCFJ9krjXQQffdHiZnr6OgWM9UqhgesyTe5LDZl0GrHULiKgSkQIl00wEqehS73oS%2FGvv2RoapdbeI0wgTk2SZ2DPsQHCAJU94k9bytRZAw%3D%3D%7Ctkp%3ABk9SR97-2efgZQ,https://i.ebayimg.com/images/g/16gAAOSw-ZxoJeUt/s-l500.webp,2025-05-25T09:07:15.810010,
2016 Ford Transit Custom Spares Or Repairs - New Engine Fitted,2016.0,,1850.0,"Â£1,850.00",Pre-owned,N/A,,N/A,Auction,N/A,21.0,moha114 (165) 100%,https://www.ebay.co.uk/itm/187225125111?_skw=ford+transit&itmmeta=01JW37PFX6C64J7G3EYTV8ZSX4&hash=item2b977cb0f7:g:dPkAAOSwH6dn-MXz&itmprp=enc%3AAQAKAAAA8FkggFvd1GGDu0w3yXCmi1d7jVkqmvPs26iKgwG%2B2IRk5qH3cDLlbeFTyedz3UcLw5lqDMcT%2FLAkicscWdmhoUh193dOaCPffzZA3Ds0oPRQnHWjHWv9n6R7SnnwdNzC1tPXkTWujXcVgZwuEM1HJHFbR2IbT0jt5gnR1%2BqCIzeL6Dt9ZHpTLfktVJ9wetLwpDPSYmZdhL%2BNkgfDft16gD9WoDOXZk5bGrpbNKgh7LiTGsdQr%2BJGdmgXgEI8k8nSAbMxuZxJv3vN4qngFBvsZThX3P%2BcK7%2FCn6NonmJ%2FrA%2F%2BmBSbdBPX%2B5lPzjfX%2BuRMNg%3D%3D%7Ctkp%3ABk9SR97-2efgZQ,https://i.ebayimg.com/images/g/dPkAAOSwH6dn-MXz/s-l500.webp,2025-05-25T09:07:15.839053,
Ford Transit Custom,,,2650.0,"Â£2,650.00",Pre-owned,N/A,,N/A,Auction,N/A,4.0,jule1980 (7) 100%,https://www.ebay.co.uk/itm/156991115690?_skw=ford+transit&itmmeta=01JW37PFX6VXZ2B2WQNSDXF9TB&hash=item248d6651aa:g:YiIAAOSwFXZn5UKJ&itmprp=enc%3AAQAKAAAA8FkggFvd1GGDu0w3yXCmi1fT15S7p1pwgdiOWlZQF4Wu0AqPY4yVKa0sL%2B45UGnGtadhyCmN6vGNwPr7fV4Vem9WTZQjbQfrnb0kytQZPdJJKyB2iNVq0SaPgmMOmUG0bqGGOBbYo51JC%2FVgaCCm9cFZ2Mf%2F3%2BoF%2F5SGBUCCxug68USUIi7TNhUDT756kQtkSWvXHmYNeosI0sE7Lf8q%2B%2FrdfIIC0wS6s2911ShInXw8kfqTvxbjLQPh1fdBE2xrb5bmeTR9ridLvGNmM9%2BqAU8jwLoCCE2UaijRKbU%2BOokBHsv4c67d0rG9F2cCDxqGQw%3D%3D%7Ctkp%3ABk9SR-D-2efgZQ,https://i.ebayimg.com/images/g/YiIAAOSwFXZn5UKJ/s-l500.webp,2025-05-25T09:07:15.867803,
2001 Ford Transit 350 LWB Recovery Truck,2001.0,,2150.0,"Â£2,150.00",Pre-owned,N/A,,N/A,Auction,N/A,8.0,car2012-uk (889) 100%,https://www.ebay.co.uk/itm/187224599912?_skw=ford+transit&itmmeta=01JW37PFX63C317VJVT4JJMKFX&hash=item2b9774ad68:g:RksAAOSwc0JoJeeg&itmprp=enc%3AAQAKAAAA0FkggFvd1GGDu0w3yXCmi1dx8MuYKZ8eVnA9IFd4AWULtr4r83fBeUbhjBoTsWaUZLyMZHVPGFD88dyc7Pn3z0OODsZ0n9CloB7iRYil77eV0wZ9gbrrS4joma6nYJZU31hWa9W1sa2ESFUwOOsd03gyKzPO9p%2B5KmzcDsUG3nJq1s94tvvsjdMhbXVRKGVtYdBgMCTFeDrq%2BYAng04VRryDwM1bV4Qq2XSpQB9bfLCO39TmqRq0MVYvJdYz2Ib9YNdEGArht42ieYBu%2F437gEU%3D%7Ctkp%3ABk9SR-D-2efgZQ,https://i.ebayimg.com/images/g/RksAAOSwc0JoJeeg/s-l500.webp,2025-05-25T09:07:15.896621,
FORD TRANSIT 2.0TDCI 2017 66 PLATE 6 SEATER CREW VAN UTILITIES,2017.0,,5995.0,"Â£5,995.00",Pre-owned,N/A,,N/A,Buy It Now,N/A,,itransport2024 (145) 100%,https://www.ebay.co.uk/itm/156878583665?_skw=ford+transit&itmmeta=01JW37PFX6PJH762G3F1X0R38F&hash=item2486b13771:g:w8IAAOSwg-ZneUtu&itmprp=enc%3AAQAKAAAA0FkggFvd1GGDu0w3yXCmi1frxXAaGphM0Q4nDBA3X9312DOHtqpysnZLRqmX1dCRN15MNzDaJPt0TbJNrxOtJMnMZ76LoLGszAnoD1az5fhjYaOiAuH%2BF5fLFCekq8ze09dSitBth9s6pDzWJMQ0hBKhbFUpqBvlHm0mkOQIA4ISfQtIqfYLPbZz5cJKHbTZZ4F%2BYJjAqxZZoGlahfFzo%2BAwycsPQinn5i0khDZstLJlr0CgI9jHBdK%2BbWJieKu51eLuM13TVlYgJCwEaAJLS1c%3D%7Ctkp%3ABk9SR-D-2efgZQ,https://i.ebayimg.com/images/g/w8IAAOSwg-ZneUtu/s-l500.webp,2025-05-25T09:07:15.926584,
Ford transit 290 Limited Custom Van 170bhp,,,1000.0,"Â£1,000.00",Pre-owned,N/A,,N/A,Auction,N/A,1.0,georgepmicha_0 (435) 100%,https://www.ebay.co.uk/itm/356896516550?_skw=ford+transit&itmmeta=01JW37PFX6V1FW56CKQD3YSZ7S&hash=item5318b0a9c6:g:TZAAAOSwzXtoGZUR&itmprp=enc%3AAQAKAAAA0FkggFvd1GGDu0w3yXCmi1dJWsA2aVtVcPxyfSO8oHu4aeWOzTOC5CssiwI%2FwtFToev50j55cLPb5%2B0TotghMaLuOGEeis1j249K81vp0leyRBSk9r7RAGViJBXpyYWFtotpT%2Fl2cLnPumI7uc0Lcnd5cbVZejDBt6N23COZLhxC3nD2L4YeV%2FsCJ2r%2FsleKOOObMLwisdP%2BDKOBTFbO4UeGdqGFZv7kQhYQ4BrAZqC%2BUh5i0s1YYIMuHQkB6YQjWqYRz6R1leOCSVRCwGiM3%2BM%3D%7Ctkp%3ABk9SR-D-2efgZQ,https://i.ebayimg.com/images/g/TZAAAOSwzXtoGZUR/s-l500.webp,2025-05-25T09:07:15.957162,
Ford Transit Custom Diesel 2016,2016.0,,2520.0,"Â£2,520.00",N/A,N/A,,N/A,Auction,N/A,1.0,teethyboy1 (285) 100%,https://www.ebay.co.uk/itm/267258233486?_skw=ford+transit&itmmeta=01JW37PFX65JWG400XP4RZEPXN&hash=item3e39d5028e:g:iMQAAeSwx7BoLiuM&itmprp=enc%3AAQAKAAAA8FkggFvd1GGDu0w3yXCmi1eNyK74kZlxp%2Fi6IordG9Bb86ULg0bhq%2B1mJaOG9srT3ZLRlk6ul4Cz4nqJ1SSQr5JxPQZNibfh6DaPP2Gd0nJm2EdJqz77k7obe%2Ba3FnN1TvRxbxW4LNCxfytrbey1%2FXBqD2IEO2FDWwAa2UjoMsfAdEkt2kgmCBmhVxMBRLgF5UDtKrLA4kaClfAB5DqXX9H05u4TX0FliEOcyg6rPaDFE9LPsodR6Egpry1qeMcPIUbWl2aU%2B%2F81s1BXLDU9V6tgV4I7%2FwGt7BgypmB0bQR%2Fh%2F1f8V7fQu3%2BB8rqf2bMsg%3D%3D%7Ctkp%3ABk9SR-D-2efgZQ,https://i.ebayimg.com/images/g/iMQAAeSwx7BoLiuM/s-l500.webp,2025-05-25T09:07:15.986092,
Ford Transit Connect ( damaged) salvage,,,1750.0,"Â£1,750.00",Pre-owned,N/A,,N/A,Auction,N/A,46.0,phirob445 (28) 100%,https://www.ebay.co.uk/itm/226753233801?_skw=ford+transit&itmmeta=01JW37PFX60HH943CFC4HE52CG&hash=item34cb8bc389:g:l-kAAeSwN6RoJPEv&itmprp=enc%3AAQAKAAAA8FkggFvd1GGDu0w3yXCmi1d4BqEV6kppm6MLg5LL6BwwBfM6mj75UMN%2BcaRNiVN1aw%2F75A9ay9%2FvHtF%2FvcFwWTUzQXmHyuNTUuyfpPuwN8JshosYwbVbkCn5hCcsXmKArwaE0NdmpyTErI0cf4y%2B1jVb9%2FvGJZzx4DytPqljUZOP1ZKoNsPCbgIIWVTFaR%2BtGFIfilTVUKMTlHlHiPcdjQOarwDuTH5lo3xyQvM8P0GleQLdVozbKryISPoD2m4I%2Bi7yfXyveMxu%2B11c7SaWvPSIGqgzitLqumt%2Bvs%2FC1mctiF5srmZ3Q8aCKFgUv61U%2Bw%3D%3D%7Ctkp%3ABk9SR-D-2efgZQ,https://i.ebayimg.com/images/g/l-kAAeSwN6RoJPEv/s-l500.webp,2025-05-25T09:07:16.014316,
2017 FORD TRANSIT CONNECT 1.5 TDCI 220 6DR VAN NON RUNNER / SPARES OR REPAIR,2017.0,,1610.0,"Â£1,610.00",Pre-owned,N/A,,N/A,Auction,N/A,25.0,"north-west-repo-cars (1,674) 99.6%",https://www.ebay.co.uk/itm/197253227879?_skw=ford+transit&itmmeta=01JW37PFX67NG67XSJRGE7YTGC&hash=item2ded356567:g:yvAAAOSwichoIcYk&itmprp=enc%3AAQAKAAAA8FkggFvd1GGDu0w3yXCmi1d%2FuyQSScBQ1L0n5H3RQtMXneUz4gO8FYmXG%2Fuv9TpGO7EreAnbMCDsCzDrp4LvogulDEtQOx275x3i2H64n6t%2B05tT6Hp%2By8ob6fi3lk7%2FXbC6LdtJMtYCbwQ7ygOzmmIvgcWsxj4b1QhA%2BAGt5Byh1rrjVy9GxSOp2uLbMko5SIOgGK2pUVgx9IB7oV3xZapC0g0aPVYWidlLjyBC2kWR6TVZN1xVrq9UVwsnwpDOVYGBr2XrOG0yli7tUaSVDZpEiBwyiJEN%2BRKmUOX6VmZd4iIygm5vlTM5d31hHWzIFQ%3D%3D%7Ctkp%3ABk9SR-D-2efgZQ,https://i.ebayimg.com/images/g/yvAAAOSwichoIcYk/s-l500.webp,2025-05-25T09:07:16.043194,
"Ford Transit Caged Pickup, No Mot",,,2350.0,"Â£2,350.00",Low mileage,N/A,,N/A,Auction,N/A,10.0,lancmcelhinne-0 (262) 100%,https://www.ebay.co.uk/itm/335966085509?_skw=ford+transit&itmmeta=01JW37PFX6V0NGYXXYW68NASAA&hash=item4e3923a185:g:rMIAAOSwCyJoKL7Q&itmprp=enc%3AAQAKAAAA0FkggFvd1GGDu0w3yXCmi1eBCuxJdcaAwE%2F79hyZfMF9PzKaSdBWE4ff8ffQ6%2BejOGkkqv5Ii46VQ1fqSkHulFlg1ch4m1Zqm70EGXhZk0CLC2ZzjQJ2dJICXoMss5JEDNH%2FFpL7KR8j3kcGFE%2BnWf2qxYaO2qR8e8cs3m1sEgDfAr4HIEKENPjVxwpF7la%2FhRn%2B8ShJuxztGeniSd7v6%2BkasLUtqccEhUf9yfwHg1vvrr%2BYboFlxUr92VByIM06n7XZsv3VsgFMLxBtVrjdxlg%3D%7Ctkp%3ABk9SR-D-2efgZQ,https://i.ebayimg.com/images/g/rMIAAOSwCyJoKL7Q/s-l500.webp,2025-05-25T09:07:16.075540,
2021 FORD TRANSIT 2.0 350 ECOBLUE 130ps LEADER DROP-SIDE RWD L4 EURO 6,2021.0,,3100.0,"Â£3,100.00",Pre-owned,N/A,,N/A,Auction,N/A,5.0,"gregor2121 (3,073) 100%",https://www.ebay.co.uk/itm/116603030149?_skw=ford+transit&itmmeta=01JW37PFX6Y4TA1M43V0C8G7NN&hash=item1b26150a85:g:NtcAAOSwsyZoEMxj&itmprp=enc%3AAQAKAAAA8FkggFvd1GGDu0w3yXCmi1daIWQ%2FTJW%2F01%2BRxnX%2BcSAuKReaOZxWdW36sAW9tVl53AIOKhKAydPdQsEfTy1BZ%2FoJ6Gje5NU90sAyFBXoZB4mD9DBECaxNorL7kHqd8lxd2%2FtHS4hR9atFlMCyd6rMCrPuVTkPsfMoZcl2LG67MA0MkE9T2KXsLn6kHee6RY7LkEKRJkvOwDTAVbHhBA5Ax%2FU04YUeS%2FfRdT%2Bd6U%2FK%2Bp9Ik0R53YqhfisUcgDYkgkgvZ5GpssLsC4Y9oFoEBCFd3XCe7aZcmODdye%2FLubEjPnC4JC3f%2B9NHKitG%2B7yDyPfA%3D%3D%7Ctkp%3ABk9SR-D-2efgZQ,https://i.ebayimg.com/images/g/NtcAAOSwsyZoEMxj/s-l500.webp,2025-05-25T09:07:16.110158,
2014 Ford Transit Custom Trend 2.2 High Top LWB Crew Cab,2014.0,,4731.0,"Â£4,731.00",Pre-owned,N/A,,N/A,Auction,N/A,34.0,cannonball_99 (64) 100%,https://www.ebay.co.uk/itm/405856407958?_skw=ford+transit&itmmeta=01JW37PFX6DEJYWJ4C1G6HXGJA&hash=item5e7eed5196:g:VaoAAOSw1KFoIHSA&itmprp=enc%3AAQAKAAAA0FkggFvd1GGDu0w3yXCmi1cKHCLvhednGBgS2bZIJHnh6Thw4WVPCezeIfHXc457WSUcnSzn2EMfzAQi%2FUz6PhVUr9X%2B5bWCD6A2f3GWcYsSYDqUOuxGEN3pIdl%2B0bo%2BCdRITlABW5ThbQK5n6X%2B6%2BtoDzDHizxpKUyXx%2BGPXWQmxMPWdCC2X9RauEhg0%2BocRIMLswYsimiAaX1Nc2FC8XaCHLbRIDR42jZP1ow5MR9UuQQd6kdUzKlNrE8Oz0UIfGL3mlsdX9kvsoIi3I1ukuI%3D%7Ctkp%3ABk9SR-D-2efgZQ,https://i.ebayimg.com/images/g/VaoAAOSw1KFoIHSA/s-l500.webp,2025-05-25T09:07:16.141407,
"Ford Transit Panel Van, Reg 60 plate (2010) SWB, manual, diesel",2010.0,,2000.0,"Â£2,000.00",Pre-owned,N/A,,N/A,Buy It Now,N/A,,littlemisskw* (802) 100%,https://www.ebay.co.uk/itm/286586080252?_skw=ford+transit&itmmeta=01JW37PFX65KVSPBJC4QN9GM1R&hash=item42b9dc8bfc:g:UgEAAOSwiAdoE0HM&itmprp=enc%3AAQAKAAAA8FkggFvd1GGDu0w3yXCmi1c2aifvYpxnP%2FbnNHq0uP7cQxO4e2rNmhvjDp%2F3RBpzPdTA79pKZc8dF%2FhfqyG%2FMmfJNGQYhGRXUBSokXcpTsLHThjDsgDHcNX1Hy7o7LyH51oUmjmoMnQ8Ca%2FZFirUP%2FjC%2BW0q9i5LL%2FLMa%2Ffl6PlSbKcLkk%2B1B6Y3hBr5movSRVC80xK3RPUWaDjqAIUKvyxicByD1VvE%2FxQ%2Bt%2FfANvFtJbKh4MfjsVSa324QfA2Sjk2qVCvBhHX5PnKoytMnc8cnf7V8xS4s3JS2sQoRp2PMytko3NV%2BcNIPhJf1meRgRw%3D%3D%7Ctkp%3ABk9SR-D-2efgZQ,https://i.ebayimg.com/images/g/UgEAAOSwiAdoE0HM/s-l500.webp,2025-05-25T09:07:16.169873,
"Ford Transit Custom Limited 2019 L2 H2, NO VAT",2019.0,,10500.0,"Â£10,500.00",Pre-owned,N/A,,N/A,Buy It Now,N/A,,poppy._61 (512) 100%,https://www.ebay.co.uk/itm/146595473910?_skw=ford+transit&itmmeta=01JW37PFX6WXKRS65M6EKEC6YN&hash=item2221c569f6:g:r6gAAeSw6ztoLLQT&itmprp=enc%3AAQAKAAAA0FkggFvd1GGDu0w3yXCmi1dIsBYb7p%2BI%2BqXCmePPuB2Njag95XRW0ZuDxV5cKKTsyAciGeaanlAuskPZjJvTwcyev8aHptUzJwqa4o5rgnKjiA7vkZ9KLyrQ%2FYQADS%2BWbfRi3F%2FDc941mMlHPFsEEPWVAWd1YK4%2FnwznXHuDYdmR2gk%2BjyL4arz6yL3SR3cEtkBtXmT3dJ9l6ou9lscUhqJNNvbMqsxAMWXR5F5MZqsjfpbSvA4YlccpMQ2JAtSz16si1xc1XB8PPkK1i6czCfE%3D%7Ctkp%3ABk9SR-D-2efgZQ,https://i.ebayimg.com/images/g/r6gAAeSw6ztoLLQT/s-l500.webp,2025-05-25T09:07:16.198711,
Ford Transit Connect,,,1850.0,"Â£1,850.00",Pre-owned,N/A,,N/A,Auction,N/A,1.0,micmichahasti (42) 100%,https://www.ebay.co.uk/itm/256940858451?_skw=ford+transit&itmmeta=01JW37PFX6SHDKZR5HQ2TS4TJJ&hash=item3bd2de5c53:g:xFcAAeSwQ9Zn~Frl&itmprp=enc%3AAQAKAAAA8FkggFvd1GGDu0w3yXCmi1da%2FZG8oLm6dO7abYVSME5O3j%2FOCbzBCjvjKWrKAh0W3vpKtiQPLR13KSviq1FiyltVIET2qIj7%2FF0UzhO%2FUIMMUkF%2B%2FWdNFmhsCUUS30xA98IqmNF5GCuQZw4JpuqyRSymrHqUiMxD0zWYzYDkW07AfOGXNXoajhlZvlpprJkKMoJ0Zob%2BSDAaSHuGWVAEG6CC8AvOXh50Nr0Stmm8Ytztc9cX9pbjK9kzW8G0%2BCDhrDvHprZGGA3bojJ39anaukNYB0JD6YAVqsEjh5%2BDdQKiy7YPFP3ympV7JLgASASJ0g%3D%3D%7Ctkp%3ABk9SR-D-2efgZQ,https://i.ebayimg.com/images/g/xFcAAeSwQ9Zn~Frl/s-l500.webp,2025-05-25T09:07:16.226902,
ford transit van,,,2800.0,"Â£2,800.00",Pre-owned,N/A,,N/A,Auction,N/A,1.0,wat22177 (3) 0%,https://www.ebay.co.uk/itm/388449069668?_skw=ford+transit&itmmeta=01JW37PFX6M1NNC2HK3MWAN4BZ&hash=item5a715e6a64:g:R-8AAOSwhNFoLdK4&itmprp=enc%3AAQAKAAAA0FkggFvd1GGDu0w3yXCmi1ciFqHQqJ3YMASCDCtDX6kx31bkWgC2acPXm7TersvvmPVcYv5JOOar6qHmQO4mgZNQVeZscnTCL3buzyBdeOJbhhiMOophLZdhXimh9USMKP5aSEIaogwC8aH8euP5%2Fxk56vxu3I5ILVUjxRyQ3Yx4hZwhCL9fntlt8yWuj2JJpEQIG0R3EgLOPPYVTtjyfJBhtFkLviJ5Xx04%2FHybnHHm635U%2B990ArEaDsl2Q7pyvOf7Re2RdNca1c%2FaIloc1GY%3D%7Ctkp%3ABk9SR-D-2efgZQ,https://i.ebayimg.com/images/g/R-8AAOSwhNFoLdK4/s-l500.webp,2025-05-25T09:07:16.255321,
"2014 - 64 Reg - Ford Transit, High top LWB Van",2014.0,,2150.0,"Â£2,150.00",Pre-owned,N/A,,N/A,Auction,N/A,2.0,"vincent6904 (1,711) 100%",https://www.ebay.co.uk/itm/236101668790?_skw=ford+transit&itmmeta=01JW37PFX739DJSKH3GR50N4HD&hash=item36f8c18fb6:g:picAAOSwrVRoBpCx&itmprp=enc%3AAQAKAAAA8FkggFvd1GGDu0w3yXCmi1eTeJ0oK%2FvdSba5uwxNxPcKLsV0WnucNoHAb86a9axGe2IqWSXPBiPwt0j6KVltH7uXlyZMlCwHzjYlw2RPo5rbEMMvICI0lCtDSHQRM4i0dyPMZkcPiBDU%2B3u7F7PevWcsbdDfoSUt7BYAElemXSavPzBjnCtsEborBY2QyPDi2MiBA0xl2TxoLBGIJ3uB%2Bm%2FqHRE2XThkw%2BNda1ei9GwqrhW1GwLw0V0m0pjBRowqMBDm4IgRzRuiK9wXRv1n%2FYdJtHeyXmz%2F0wPjuuKmRtXmHGzbytyX%2BDwA6jyCd%2FtSRw%3D%3D%7Ctkp%3ABk9SR-L-2efgZQ,https://i.ebayimg.com/images/g/picAAOSwrVRoBpCx/s-l500.webp,2025-05-25T09:07:16.287143,
"Ford, TRANSIT, Panel Van, 2015, Manual, 2198 (cc), Medium Wheel Base, High Top.",2015.0,,6495.0,"Â£6,495.00",Pre-owned,N/A,,N/A,Buy It Now,N/A,,autoparc (315) 100%,https://www.ebay.co.uk/itm/167516566863?_skw=ford+transit&itmmeta=01JW37PFX7B5NWGXHQB1SSJ62G&hash=item2700c3f54f:g:z9UAAeSwQGpoJkJK&itmprp=enc%3AAQAKAAAA8FkggFvd1GGDu0w3yXCmi1cdqEeuQgHzkgYMjWjpxk8FT92CmZBs433K58ERfBuHDeOXJBMo95Fp7LIcNRTP0fPEPLKxMuXYkeWVzZ3Hc7uKiWFk4ni5X9mp7w5m0E5PYJcSGYSjaYxKgPO7izrhF2d3C2OprayaktGgkS4ihFABk7XEo%2B7ZvR8jURLL%2Fajy%2B0sFW6vbzgVtEiAS7%2FCwzIRP9uuJSKFdOJDzwsLBFJ0lCVWcU8s6DZ6NL9rVVSEnvWiqhiDOM%2F7yNq%2FYJMn9L%2FlxDD3CR4d20%2FbFBxGuKwa3tGRaFR8AjSTuDA8vvYG99w%3D%3D%7Ctkp%3ABk9SR-L-2efgZQ,https://i.ebayimg.com/images/g/z9UAAeSwQGpoJkJK/s-l500.webp,2025-05-25T09:07:16.316325,
2009 Ford Transit Limited Twin Side Loading Doors,2009.0,,1700.0,"Â£1,700.00",N/A,N/A,,N/A,Buy It Now,N/A,,mic_842958 (2) 100%,https://www.ebay.co.uk/itm/127122313223?_skw=ford+transit&itmmeta=01JW37PFX716J631CC100HKZR1&hash=item1d99149007:g:v3EAAeSwfEdoCS92&itmprp=enc%3AAQAKAAAA8FkggFvd1GGDu0w3yXCmi1fGDkKD6MkQvzTcBj1pGQOWuifN4MtOCc%2F7EK9bBM6GrofV4eDLt%2B%2FThLyMDdkW3FzwVS%2Bl6TOfI8UYTUZ87VmnbNDqgVMMGur%2B2gAx%2BmJpgpCcEUZhP8SbmkCotreGGsoalmwLpK0DiKG4heenkZQfFFuWbosUpih4TjIdIJXK%2B5Qml1TNu8ymRfXxjn38cZN9%2BOMfknzqASSTSJqePwo8JbnKSYsNRO%2BzN5w1yqIOzw9dznUscrPXptsWvUXglYApX2CqwK8lZm436VNF1FfznZS5Qs3r2wCyACUnLQSIgg%3D%3D%7Ctkp%3ABk9SR-L-2efgZQ,https://i.ebayimg.com/images/g/v3EAAeSwfEdoCS92/s-l500.webp,2025-05-25T09:07:16.342800,
2013 â€˜13â€™ Ford Transit Connect Van LWB High Top - FULL Service History -,2013.0,,2895.0,"Â£2,895.00",Pre-owned,N/A,,N/A,Buy It Now,N/A,,deljen_37 (328) 100%,https://www.ebay.co.uk/itm/226753225566?_skw=ford+transit&itmmeta=01JW37PFX74BM8TT1Q7TQ87XKZ&hash=item34cb8ba35e:g:LbgAAOSwNmxoJP9B&itmprp=enc%3AAQAKAAAA0FkggFvd1GGDu0w3yXCmi1cyO3TXnacTnolW27u%2F39XtW7ND09iW1CVjN5oqLdG9WoL1Pjk0IIc8b2FH1363%2BcwHdyBxgYmZ2nIi%2B0nBrfJkh42Ry8xUbTtsmJlphFm8%2FNS%2BYPbJx2XieSMDd4KWKNEikzPvTawqOre4IJJM6aIgruK3UQ85XmD6sxtVBkYmFyLL6yi--51PoMXSzpROY1SMAaAcXhHBmeJrV957KgL6Nriex4bRKamBNR67AqG5zc3%2BtIQYBivoo0wUSK2KYBA%3D%7Ctkp%3ABk9SR-L-2efgZQ,https://i.ebayimg.com/images/g/LbgAAOSwNmxoJP9B/s-l500.webp,2025-05-25T09:07:16.377514,
Ford Transit Aluminium High Sided Tipper Van,,,8450.0,"Â£8,450.00",Pre-owned,N/A,,N/A,Buy It Now,N/A,,tjlondon007 (201) 100%,https://www.ebay.co.uk/itm/306214775929?_skw=ford+transit&itmmeta=01JW37PFX7EYH88NXFFK6H5MB4&hash=item474bd2ac79:g:KfwAAeSwegVn6x4p&itmprp=enc%3AAQAKAAAA8FkggFvd1GGDu0w3yXCmi1fddWS088V5JGDjFJXBTdzvOD%2BvNabJwaU4ZQ4OKGloS%2FlvaptpvOO095AIDutZNne8tmN9%2BTDT6G76EFqrd7vVe881fG5ouQcpkG2KSZB6IEjRIOu9I4Q6IySRRQy6lWbONkVNwXNq4ZISygWetQb4AyTgxyaM1Yr9lJav9kdiHway5hAjE%2BhMwzrS2f6MQnyCYKCFM%2FcOdfU3zBuB5S3UGcJuIYjHoeIhJcAWBh3ADkMngrnvHz%2B0Gcdo2yEiyQ1mP5EQcu%2Fwbs5ixivyWzQ1MnVRWNKUzTeHvPnJ0T9hNw%3D%3D%7Ctkp%3ABk9SR-L-2efgZQ,https://i.ebayimg.com/images/g/KfwAAeSwegVn6x4p/s-l500.webp,2025-05-25T09:07:16.409360,
Ford transit Mk7 2009 97k MILEAGE VERY CLEAN,2009.0,,3100.0,"Â£3,100.00",Pre-owned,N/A,,N/A,Buy It Now,N/A,,lawlor29 (296) 100%,https://www.ebay.co.uk/itm/405882327671?_skw=ford+transit&itmmeta=01JW37PFX7GA44KJQNX3GSZKXY&hash=item5e8078d277:g:n7wAAeSw6aloHbXU&itmprp=enc%3AAQAKAAAA0FkggFvd1GGDu0w3yXCmi1dXUCyWOkMONeGmeFiWW1R3lkQns4g7ZqfGUWmzp07%2BAyfxlbWSXcEC7oogjkosl5fs06KKgRAjJw8oQQEQARBPiGxhuIve8Fy3bmYGFngymIegsimYEQek%2B7wSTAn35Kg40bpT8QXGk%2Bv0tpASOgUbhoI5833A4fUphgyQTbN%2Fl6rwkPfofdaW3pn%2Br8GZOd6QJ%2B1kYDL4ERv59g%2Fej2kNZr5LQaOy5JtzrPA%2BFx0T5Bc%2BWtP0J2ecWIuscv3pS%2Fo%3D%7Ctkp%3ABk9SR-L-2efgZQ,https://i.ebayimg.com/images/g/n7wAAeSw6aloHbXU/s-l500.webp,2025-05-25T09:07:16.437513,
Ford Transit 2.2,,,4200.0,"Â£4,200.00",68000 Miles,N/A,,N/A,Buy It Now,N/A,,m33tfp (129) 95.7%,https://www.ebay.co.uk/itm/226754905695?_skw=ford+transit&itmmeta=01JW37PFX7JGTXQV658T8KT9M8&hash=item34cba5465f:g:d1YAAOSwYDpoGP~j&itmprp=enc%3AAQAKAAAA8FkggFvd1GGDu0w3yXCmi1eXmmzIZWH6P4ReJRFVGmEzqygRRqpMo69PXQVhBW5CLbURh1Ce%2FYSkSjT6d%2FLmZ3o3mCNAYo%2Bi9X4ztUY7Pi5iB2ccBzD1atlHPiKufSHNrUgiOacnqjuUvu2hKRsDL1%2B4XCf8HnVx2KA6276kTZJYhP%2FIRekkb9AFPQCxMm5aMXpSVLgnNb7qEt6MU1Iyjer54mj1tvw49kSOxSCoOe%2FuPuvqnywlF2Y6ESCaTyWzxs2ev1uXMCP7nf6%2BvsEGslXm0Q7ZZo%2Fu06LYsKVsyLGujJ11WXla5VYmDDwteDJKZg%3D%3D%7Ctkp%3ABk9SR-L-2efgZQ,https://i.ebayimg.com/images/g/d1YAAOSwYDpoGP~j/s-l500.webp,2025-05-25T09:07:16.466449,
2010 Ford Transit Flatbed,2010.0,,1500.0,"Â£1,500.00",Spares or repair,N/A,,N/A,Buy It Now,N/A,,wood-9555 (0) 0%,https://www.ebay.co.uk/itm/177082998843?_skw=ford+transit&itmmeta=01JW37PFX7J3836JTRZP15VY6F&hash=item293af8203b:g:svkAAeSwGBhoH3vK&itmprp=enc%3AAQAKAAAA0FkggFvd1GGDu0w3yXCmi1dzqjnGntWJ95xFv91iICSfdWnkcsBk1heqyv0SaEUt5O6ZqAasT9oG2JgF2Lbcb8apzZiozjLnD%2Bv24gsCjS9MknUVtLEvx1Oh7C6voGWZVucUrr359YPCnWYFCLAW3faCDFMmh4cggqQXqJuiFpRGO4WJrvtE54zapqW6bO8cKeHZn6L%2FjlbIeZ1FNbDluL6zeDhTUUVgwhk0QGsGG%2BNubQQOKghm45o98KcwiZWHUUluylVPmO0vWjGG%2FbxxJLs%3D%7Ctkp%3ABk9SR-L-2efgZQ,https://i.ebayimg.com/images/g/svkAAeSwGBhoH3vK/s-l500.webp,2025-05-25T09:07:16.495928,
2005 Ford Transit 2.4 TD TIPPER 2dr Diesel Manual RWD 90PS T350,2005.0,,2000.0,"Â£2,000.00",Pre-owned,N/A,,N/A,Auction,N/A,1.0,fordhelp (322) 100%,https://www.ebay.co.uk/itm/205478433515?_skw=ford+transit&itmmeta=01JW37PFX7VA0JRN76NEAJ8GHB&hash=item2fd77812eb:g:uDkAAOSwzhFoH5Px&itmprp=enc%3AAQAKAAAA8FkggFvd1GGDu0w3yXCmi1ckq5Gss7CvM07mjx8pQBLV1f74gNlOBfGtFNFJROtOCOUiqy5x8hef2oAIu22ogrqv1UBceSyJynnpH52GEO7LVQbQlvkdPtpXjtiVQ5i%2FMfXwftHhfwEV0zhkvzsyK0ZRZUZr6Hh%2BWbOPO7xp1HaLDm7g8wDtWVfpDXwaPcJTfwcbaVBRZjrJFLCd%2BdigQgPsIBkomfDCaVLLcPDS2LvAV5u1e%2F7rJJGkFGy%2FJLLKKdkzvvnw%2FG93U83bqlg1cZPlLfcvtmNeQlFIyOgv6rBFZRWPUTBVQ9%2BIItNmpLL0iA%3D%3D%7Ctkp%3ABk9SR-L-2efgZQ,https://i.ebayimg.com/images/g/uDkAAOSwzhFoH5Px/s-l500.webp,2025-05-25T09:07:16.524115,
2017 Ford Transit Custom Limited,2017.0,,5500.0,"Â£5,500.00",Pre-owned,N/A,,N/A,Buy It Now,N/A,,joely2089 (942) 100%,https://www.ebay.co.uk/itm/277121206202?_skw=ford+transit&itmmeta=01JW37PFX7QP1PCYJWS36TZ6V8&hash=item4085b607ba:g:NuwAAOSw3s9oEjc4&itmprp=enc%3AAQAKAAAA8FkggFvd1GGDu0w3yXCmi1dT7Hf9DJcSAAXYTjxhcGFPovEYpwDoRSeUgKjD4jL9jTsG%2FW1jecsOWXZdAsSpgzIsi8H56u7nuUCEZbkhITofdniBccEuU67LD1i4q%2B8sJmldxQBecIHy%2BcjYO2KYgewU32oWdwKOrQwniIGH5PyKvzOLREtxtHQHiLi%2BW%2FlV5DfcEadZwFWgRbBTAnJ0dP30uEVtesKAlHfOYy0FQY9Fzzf55ebRmUh0%2FshzwANutQFo%2BBuXKjI38LknmhzBsGqxf5cBNxFhotqXCyH49sD%2B1%2BsaYLM2%2FPlG%2BB02n2c9MA%3D%3D%7Ctkp%3ABk9SR-L-2efgZQ,https://i.ebayimg.com/images/g/NuwAAOSw3s9oEjc4/s-l500.webp,2025-05-25T09:07:16.552094,
Ford Transit Custom 270 Limited *66k miles *NO VAT* *,,,10650.0,"Â£10,650.00",Pre-owned,N/A,,N/A,Auction,N/A,9.0,ma900489 (39) 100%,https://www.ebay.co.uk/itm/146580026416?_skw=ford+transit&itmmeta=01JW37PFX7X48F8ERMRBJYTW9N&hash=item2220d9b430:g:xrkAAeSwtmNoI2Y0&itmprp=enc%3AAQAKAAAA8FkggFvd1GGDu0w3yXCmi1eQ36FuWRjtRzasfRwW5KSzdN5fSb%2By%2FPyiLDw2He7G2C6L0mxLuybYkoUd%2BNlt%2F7yinFRRMzHrVk%2FH2t4Ng23rUgtrtbZgD9F0JMdkQOZc8V3ZwUdneRoMiTotE8v2EVUzc9jA5B2U%2B7yIz3DnFb49thj4GuBqJfVeYT6slnodPwtsDdOSj4luQy6sDiyXi3xRKFYTM%2BO%2Fi98gxGj11fsCyF%2FpIPxOg9o3mAQCk9Gff64dJWvEPwzgsxuk9YXgBIBuxbiWgFjncd4WvN5rj9AiAWgZbzvRD4%2B7wUJrjBZ0Rg%3D%3D%7Ctkp%3ABk9SR-L-2efgZQ,https://i.ebayimg.com/images/g/xrkAAeSwtmNoI2Y0/s-l500.webp,2025-05-25T09:07:16.579885,
Ford Transit Custom,,,1570.0,"Â£1,570.00",Pre-owned,N/A,,N/A,Auction,N/A,19.0,paulthomasa2006 (436) 100%,https://www.ebay.co.uk/itm/326573977212?_skw=ford+transit&itmmeta=01JW37PFX7WTBA9Z4T4077P4J7&hash=item4c09536e7c:g:MsgAAeSwihRoEccV&itmprp=enc%3AAQAKAAAA0FkggFvd1GGDu0w3yXCmi1fj9ri8vxj54nmVOJEAs5Puw%2FG86nUYwdurTBSyr2jN4WMqXL6f1%2FsvLcR8DaMqGn%2BQItjGHv7pAwCwSx1MYcwdDKjoNIBKqs3vCa5ZO4JEPPdWr9tn1apqk%2BFXU0yPuM28OqqpIF8qbhUAd1Xhj7JrOkUPdBT3UYcdYTHNCtiznjaV8g1y45ptoJhj2kUcjCSMFGvy9Btsh1NCaXBNINACJN0Oe0Oi%2FM0B3eTCKAa8DiJeI8gBnh8scLDVtQE4m0M%3D%7Ctkp%3ABk9SR-L-2efgZQ,https://i.ebayimg.com/images/g/MsgAAeSwihRoEccV/s-l500.webp,2025-05-25T09:07:16.615052,
21018 Mk8 Ford Transit Xlwb L4 H3,,,3850.0,"Â£3,850.00",Pre-owned,N/A,,N/A,Auction,N/A,5.0,nixon1000 (360) 100%,https://www.ebay.co.uk/itm/306300827784?_skw=ford+transit&itmmeta=01JW37PFX75J7APE4AFAXXXAK5&hash=item4750f3b888:g:g5MAAeSwe4loELcl&itmprp=enc%3AAQAKAAAA8FkggFvd1GGDu0w3yXCmi1fbuix17Q1s1yhSEUG6dLXvHLNSjH1pPKRyAXjkOrgB45fmvHdHfrq9cxFpuXr3qOM0hMIyn3RyhQdd080PPLUYkgImZlKnLHO6sp8b9pzz88VMgPdyPeSAM0rYB%2B1kknFMPePV0uBbjiy8yQYDgxXoNnj%2BI6lohBSn%2BAGWX6TDJCTR7XTClXfSQGjaKxsTgtw4m3AmnbiIh9f%2BiW%2F6xvVc4GHjTfKVsrWoYsk9IpDj3DeTeahRh%2FIHxluSmT5mNKGlLqfXKdBDxbgM6GDId%2FHNspmK8cff6wvxjedo2RXOPw%3D%3D%7Ctkp%3ABk9SR-L-2efgZQ,https://i.ebayimg.com/images/g/g5MAAeSwe4loELcl/s-l500.webp,2025-05-25T09:07:16.672204,
Ford Transit Custom Sport Day Van,,,12000.0,"Â£12,000.00",Pre-owned,N/A,,N/A,Buy It Now,N/A,,charlottewilko2012 (401) 100%,https://www.ebay.co.uk/itm/116601824924?_skw=ford+transit&itmmeta=01JW37PFX70XMNE8TNXX4H684A&hash=item1b2602a69c:g:xrAAAeSwqX9oI7K~&itmprp=enc%3AAQAKAAAA8FkggFvd1GGDu0w3yXCmi1enPfMFcwdQfq9JYd3GpC0IWOf4X6OMiGP7EG8%2Bd917PmiNBPqvOzpzTAoXqOOrbYgbucpzv%2BcgBOLBr2AswTRAlar4WOGsmktn6E3k1H5UZOdxxsbDfumk1xr96bqMTBP4ePe5Y3xuruRDH8xKWE%2FfZimBfceT%2FC04aIevI%2FDNdLIrBME1i8DDadx59lZDrRTGC6jwXHmFbiKneRluK2vJxpguY6dKrZ%2F2YGE7G1U2EKbm%2BPzFNiC0T%2Fr8GH9c0xIzeJA7GQfsttB3oi%2B3fyVJqD%2FFEsWpmOPBunOthOpANg%3D%3D%7Ctkp%3ABk9SR-L-2efgZQ,https://i.ebayimg.com/images/g/xrAAAeSwqX9oI7K~/s-l500.webp,2025-05-25T09:07:16.709046,
"FORD TRANSIT DOUBLE CAB TIPPER TRUCK,2011 - FULL MOT,NEW TYRES,READY FOR WORK",2011.0,,1395.0,"Â£1,395.00",Pre-owned,N/A,,N/A,Auction,N/A,1.0,ste-296500 (600) 99.7%,https://www.ebay.co.uk/itm/205494796853?_skw=ford+transit&itmmeta=01JW37PFX7N1C0MPBWV6M1F16K&hash=item2fd871c235:g:1HQAAOSwO0RoF5Pp&itmprp=enc%3AAQAKAAAA8FkggFvd1GGDu0w3yXCmi1e2fUdjv4wP82simDfs0oFff%2BI4pYQMLmlbxPng6i0%2FvIj3vJILlvDT7tq3a3aI%2BvnJfF0O%2BOIb0U2Bsm1M1kPGhI%2F1xk7%2BqMzYK8NTdT3sSVykG%2B8OkYr%2FZDXCKjA2Cj%2FG0l7WnQTGD0mLsPrj3da5yB9y12wogLxRRRkrD%2F%2BAr01%2BTUrpYQtklUvpAObQpNO9MRqqj0h80pg3u0FmrAEzxGjOTZBYEbZK3%2BJqq3C4CCMqcU1K86IvWKNhwmvUWC%2Buu2%2FBS6ykviMbH1eF6%2F2iVEGJwrAnKQHomc3%2B0WYt5g%3D%3D%7Ctkp%3ABk9SR-T-2efgZQ,https://i.ebayimg.com/images/g/1HQAAOSwO0RoF5Pp/s-l500.webp,2025-05-25T09:07:16.740056,
FORD TRANSIT T350 2.2 LWB HIGH TOP,,,1115.0,"Â£1,115.00",Pre-owned,N/A,,N/A,Auction,N/A,5.0,jwittltd (387) 100%,https://www.ebay.co.uk/itm/177090262215?_skw=ford+transit&itmmeta=01JW37PFX7JRK0HWDG0PHWYZ0Z&hash=item293b66f4c7:g:KTwAAOSwDddoIy03&itmprp=enc%3AAQAKAAAA0FkggFvd1GGDu0w3yXCmi1dyeLCvFRxAAxRYuXCyq3hYIKyi1AH3NiGhi7F0peY9DB7SlPuiUi909btnsp6B%2BZj6T7uojdv3EWvmNfMIaEw6kdRVuEEwGCeBMS0yx8TVl1CzbAHxBULDOrtEGP8lp1Oq1OzMJK%2FgYrtuQ48cmZTWVcyzLiyfeyHpIfr6QFzgQP66e3z00tNCc%2FPeUF%2FGLm1iHe6m230dFZPPu5iM%2BwsU%2BbPeyrLbVX1wxzrHebb2FSIaj7hghn260yupl%2FIaJaM%3D%7Ctkp%3ABk9SR-T-2efgZQ,https://i.ebayimg.com/images/g/KTwAAOSwDddoIy03/s-l500.webp,2025-05-25T09:07:16.767819,
Project 2018 Ford Transit Custom Limited Crew Cab 2.0 euro 6 (79k),2018.0,,7000.0,"Â£7,000.00",Repair / Project,N/A,,N/A,Auction,N/A,1.0,monk-fam (77) 100%,https://www.ebay.co.uk/itm/277124939551?_skw=ford+transit&itmmeta=01JW37PFX7ANH25XZ56DBNSBMD&hash=item4085eeff1f:g:rikAAOSwzuZoLC0S&itmprp=enc%3AAQAKAAAA0FkggFvd1GGDu0w3yXCmi1eUMbwpzmhSVYyjkit8ilcSWC5A8VfWVhz02fN5%2BoDGI9OmYkDdIHGAlzFNWUqUNad7eFtevpMIoHgu7%2BwuOQWH3M9DTJKYqpKzxc06KqKVVRiltIHfjhdTtje3V93R5vruvhsVq%2BBEZ4m8mukGXAFBN5wGg7yxUpYR8c1OLh7vzjtQ9rWxzTweWqWaVsYmrEgaBKjaUt25s19yFu14C6O0cRHLhQ2xSkrB5EN8wg3L54riNTqOLEocFUlZdCXD2Ew%3D%7Ctkp%3ABk9SR-T-2efgZQ,https://i.ebayimg.com/images/g/rikAAOSwzuZoLC0S/s-l500.webp,2025-05-25T09:07:16.795802,
Ford Transit,,,4700.0,"Â£4,700.00",Ford transit pick up,N/A,,N/A,Auction,N/A,18.0,phifos86 (470) 97.9%,https://www.ebay.co.uk/itm/376243587322?_skw=ford+transit&itmmeta=01JW37PFX72WWAHYR7N4K86504&hash=item5799dd88fa:g:OVAAAeSwCThoHja3&itmprp=enc%3AAQAKAAAA0FkggFvd1GGDu0w3yXCmi1coXnGP%2F4obNJQzwASJ7HvIYgjcE9AYeGjvrMM5twftk%2Foi55ZVXE%2FUTLvNKMMdcgk00t2vuDJhxSi0UQ4SHGeXz2e9mqd%2FaJL8KF9mNl6Y5cLrCUJ4spn%2FZNEG8%2FFrXsfaemJ2HcWJuM%2B%2FCThgTXgH82zFnXOZ7ti31k8SbIb366r9KgwfnsLAWYRGdkrkFT0QhvRPmuWFSYkgCSUsUYFziu3UglWmWYYazMf5BVYS9oGm95lZ0xRYh%2Bxg9AGyuGw%3D%7Ctkp%3ABk9SR-T-2efgZQ,https://i.ebayimg.com/images/g/OVAAAeSwCThoHja3/s-l500.webp,2025-05-25T09:07:16.827013,
2015 15 FORD TRANSIT CUSTOM L2 290 2.2 TDCi LWB VAN - DIESEL - ONE LOCAL OWNER!,2015.0,,1855.0,"Â£1,855.00",No Reserve Part Exchange To Clear @ Citroen Main Dealer,N/A,,N/A,Auction,N/A,29.0,"pentonmotorgroup (8,644) 99.8%",https://www.ebay.co.uk/itm/277105976805?_skw=ford+transit&itmmeta=01JW37PFX76XJZBBB9VMWMEC4R&hash=item4084cda5e5:g:vXYAAOSwVTxoEhEd&itmprp=enc%3AAQAKAAAA0FkggFvd1GGDu0w3yXCmi1erCLu%2BBXfVY%2BxePuJnLhjDpf%2Fjkv5v79T8lZB06h3paqsmmluaM3AoaQOvj7zNcmPzMs8CqIzmCRq7fCXFvaOeB9yhW3MNlzBLwMsPNaXNPeRDEwd%2BwlJqQb6B7ywghVYEP7jkYKd3XS23Qgizo3Jnt8egyoZpdTTA6QZ5ogTbw6KWnnQ3wCQXw8bYajiSWO85%2FPiW4DofeziWQscjPd%2FVSKwVkrVDD%2F8vAe%2F6o3lbagRtVZEvdfFkshY93d%2FpHQM%3D%7Ctkp%3ABk9SR-T-2efgZQ,https://i.ebayimg.com/images/g/vXYAAOSwVTxoEhEd/s-l500.webp,2025-05-25T09:07:16.855369,
2015 ford transit custrom 290 ltd E-Tech one owner from new,2015.0,,2000.0,"Â£2,000.00",Pre-owned,N/A,,N/A,Auction,N/A,34.0,rj9837435-0 (516) 100%,https://www.ebay.co.uk/itm/286563211405?_skw=ford+transit&itmmeta=01JW37PFX7T9YT15BB497B85K7&hash=item42b87f988d:g:xsUAAOSwMnFoDSqM&itmprp=enc%3AAQAKAAAA8FkggFvd1GGDu0w3yXCmi1dVDeMljHNXD6NUyJ2ro2W1Rn1Xoo5okf0PIE391TP3Yyrh%2FVcY2OVNk2Zp%2FzmVbR9H8gboCUrzrZrkUXViQ1wJzSHoSsf7w%2Bo3mN189ugA7PI4T5BT%2F6s4DTj%2FDs8I9Pg%2FA4y6MCEUq25c38yJ8AVT0c54bLA0M%2Ba%2FZ2EQMcz6rKADWAwllJZ2aJb24RDesJjGdYlM6N5vZHPVzj4AYuyIWThaZEEmRrmwlJF%2B4t2MWlsAoDzt4UZrsUStSvhmqFA21U6nrTjrnARNB7v2DRoqd3S8z85xzNvWtCPUXaaJWQ%3D%3D%7Ctkp%3ABk9SR-T-2efgZQ,https://i.ebayimg.com/images/g/xsUAAOSwMnFoDSqM/s-l500.webp,2025-05-25T09:07:16.882922,
2016 Ford Transit 2.2 TDCI,2016.0,,2900.0,"Â£2,900.00",Pre-owned,N/A,,N/A,Buy It Now,N/A,,"helchth123 (1,342) 100%",https://www.ebay.co.uk/itm/127122256104?_skw=ford+transit&itmmeta=01JW37PFX71357ZTM20RYP3JF4&hash=item1d9913b0e8:g:KewAAeSwdtJoK2wf&itmprp=enc%3AAQAKAAAA8FkggFvd1GGDu0w3yXCmi1fD9qdlATvFD6TZuJ5VS3v5MYIPRbuNKPsPM81SFU2h9t2Ntv18OFN3LlTlv9zRZ1IN3RXLYuuLKl0F2PSHIzodwmP0Ka7tiVxaABaAhEhK1%2BFNV5GCzJyYcTiicaB4Oa6afRUe0WTdDbSgurXSDVMTVs09Ue541CTn61Dk5zY%2BImXjRZkWx9dc7qjue5Bv2jlm4Aa86syDBXvSfKnGmfs4aVZw77fLN2Ec7rQseE7TAxfBb5X8nHC0iAkHolL3HAom8rYQ3sGN9c%2FfK1yoQF5AzOSUc6R1ca3%2FtaidNRIZ9A%3D%3D%7Ctkp%3ABk9SR-T-2efgZQ,https://i.ebayimg.com/images/g/KewAAeSwdtJoK2wf/s-l500.webp,2025-05-25T09:07:16.911474,
Ford Transit Custom (NO VAT full history ),,,6500.0,"Â£6,500.00",Pre-owned,N/A,,N/A,Buy It Now,N/A,,"linz1986_123 (1,341) 100%",https://www.ebay.co.uk/itm/326587630964?_skw=ford+transit&itmmeta=01JW37PFX756JG4XJVQXPFAVHR&hash=item4c0a23c574:g:jlkAAOSwF31oKeOO&itmprp=enc%3AAQAKAAAA8FkggFvd1GGDu0w3yXCmi1eydVIA5mNVh9Zp8pILOjW8uAUjvVnseCN9EpHWpEtWshTtjQR7rmyGcmgGgbzoIsvecmi9Z%2Fr2Z01ZuAbr2Bh1DFT3DO3o2SnMok731obGQFwoNh0EBHmR2HFpksSG6Q9ytINmk1sADoDEGrpOTD5RSFzlxbMoop0oKosDDcyOUFvVGZwwqKJtX9q34ddOUYS730n3YL5smYm%2BrelZaRYz22kL7CizuOk5rtJKEyeON6Xd9D9rpNjyiQyn0x73O%2B5ItAq2rUYJFaLA97MrnDU1vpydGxWuvkh%2BZhWgLDSfQA%3D%3D%7Ctkp%3ABk9SR-T-2efgZQ,https://i.ebayimg.com/images/g/jlkAAOSwF31oKeOO/s-l500.webp,2025-05-25T09:07:16.940386,
2016 Ford Transit 2.2 TDCI,2016.0,,2900.0,"Â£2,900.00",Pre-owned,N/A,,N/A,Buy It Now,N/A,,"helchth123 (1,342) 100%",https://www.ebay.co.uk/itm/127122228610?_skw=ford+transit&itmmeta=01JW37PFX72E0BXJQ3DXFZF8T2&hash=item1d99134582:g:KewAAeSwdtJoK2wf&itmprp=enc%3AAQAKAAAA0FkggFvd1GGDu0w3yXCmi1c%2B05VFASe1AGFPFb21M4VKp9%2F%2BvpfOSjgklSFkCLg4%2FKAACR%2Fm9Eyvkxl4eXu61zF%2F8bIXJxxg4adBSXlJ0SG91JLQSBwd38Ea9kuOjQXMTPfRGYCEYLKdRyoI27JeTCtwgy75BN8pRY%2F8dPT20TkPFCtCrxsbmQVWTgS3pmB20yclimVQ8ZblfgfaU2nk3fM2z922RJE9pfHGGQcIZOW1MxE1HMmL90u9ADIlaNXqh7Awn3wZm7qe7qBvoAy%2FUiM%3D%7Ctkp%3ABk9SR-T-2efgZQ,https://i.ebayimg.com/images/g/KewAAeSwdtJoK2wf/s-l500.webp,2025-05-25T09:07:16.968753,
2013 FORD TRANSIT CUSTOM TREND,2013.0,,4250.0,"Â£4,250.00",Pre-owned,N/A,,N/A,Buy It Now,N/A,,clements-trading-group (0) 0%,https://www.ebay.co.uk/itm/226736459358?_skw=ford+transit&itmmeta=01JW37PFX7QGH73EX8HV0C8HB2&hash=item34ca8bce5e:g:p~oAAOSwroJoGODv&itmprp=enc%3AAQAKAAAA8FkggFvd1GGDu0w3yXCmi1e%2BWXbMgtgjeuYMV1twswMQ8pkDkfNzzJEA%2F0PUybSW0dxCWI%2B7u3BfdIX4aK7I%2BW%2BFIBmKScS3CDcaF23WPkPx%2F52nQcMtN5zLuc0Bgl2vYYS7s8nexU8H%2B7FDaSlrVrd03A2Fk0se0MIZOuSxswngVgOw8R6L76jsdOPTYVzFZ0hbDRzPcGbWShrQhuQ8m14fKm7r63vcftiG6XkfLwBSmMg0N7SUgi80e9ErSlJ%2FQJhZnBumzTfNvpQXU2tMZGZE9InF3bb%2BJpQlSdgXya4SCt4CfqMiIrqv4CdHp%2FQq3g%3D%3D%7Ctkp%3ABk9SR-T-2efgZQ,https://i.ebayimg.com/images/g/p~oAAOSwroJoGODv/s-l500.webp,2025-05-25T09:07:17.002407,
2019 Ford Transit Custom Needs A Replacement Engine,2019.0,,4000.0,"Â£4,000.00",Pre-owned,N/A,,N/A,Buy It Now,N/A,,fengun (333) 100%,https://www.ebay.co.uk/itm/326589006332?_skw=ford+transit&itmmeta=01JW37PFX7N0NKRZS2X0MHB9BX&hash=item4c0a38c1fc:g:-UgAAOSwhL9oKujP&itmprp=enc%3AAQAKAAAA0FkggFvd1GGDu0w3yXCmi1foPaqbfCM2bDxMU89NWZ1xtjc%2BlkXlEli%2FRsvk4vASDRSWmSX8NE4tSV5sl7jgBnHtBKnOu%2B%2FKl149fO8ufjzOY3t502I9qPDp5PJxCx%2F6ocF%2FvPkDWm11Qs6X8vaCOKI6dcLaVZmUsuSepc4xtF02I7o%2FkAnvnSXiGttuvA%2FZtvLi3ktRKoMZSYrpPL%2FJexVTA3ft2JmtOx1%2BuwBmGTV0LYxcdrHnh5SjGs8TgBQaTAYU87f%2FNaATff9lnFiEnKI%3D%7Ctkp%3ABk9SR-T-2efgZQ,https://i.ebayimg.com/images/g/-UgAAOSwhL9oKujP/s-l500.webp,2025-05-25T09:07:17.034121,
Shop on eBay,,,,$20.00,Brand New,N/A,,N/A,Buy It Now,N/A,,N/A,https://ebay.com/itm/123456?itmmeta=012DEW30YG0MEEKND7NH&hash=item123546:g:acwAA9KNiJowH:sc:ShippingMethodStandard!95008!US!-1&itmprp=enc%3AbgepL1tlUHjMGCVfSTGJh%2BzsVKeJ3CQk7NizDI4BZeppuFnmyS6Ijyp8lh%2FnEw%2BWqO7uTV1Q6izE1R0T54aV8j71F4xlWfVcGft4%2FiOQhtqVXA1rW6M1atPARQRmhqUxtEPJKhKtSFgI%2Bvwlzb0GwVCtkp%3ABlBMUObkmabpYw,https://ir.ebaystatic.com/rs/v/fxxj3ttftm5ltcqnto1o4baovyl.png,2025-05-25T09:07:24.840322,
Shop on eBay,,,,$20.00,Brand New,N/A,,N/A,Buy It Now,N/A,,N/A,https://ebay.com/itm/123456?itmmeta=012DEW30YG0MEEKND7NH&hash=item123546:g:acwAA9KNiJowH:sc:ShippingMethodStandard!95008!US!-1&itmprp=enc%3AbgepL1tlUHjMGCVfSTGJh%2BzsVKeJ3CQk7NizDI4BZeppuFnmyS6Ijyp8lh%2FnEw%2BWqO7uTV1Q6izE1R0T54aV8j71F4xlWfVcGft4%2FiOQhtqVXA1rW6M1atPARQRmhqUxtEPJKhKtSFgI%2Bvwlzb0GwVCtkp%3ABlBMUObkmabpYw,https://ir.ebaystatic.com/rs/v/fxxj3ttftm5ltcqnto1o4baovyl.png,2025-05-25T09:07:24.869832,
2017 (67) Ford Transit Connect 2Trend 1.5 TDCi Trend Panel Van Euro 6 NO VAT,2017.0,,6500.0,"Â£6,500.00",Pre-owned,N/A,,N/A,Buy It Now,N/A,,mikeanddebbie-2009 (451) 100%,https://www.ebay.co.uk/itm/177101524842?_skw=ford+transit&itmmeta=01JW37PT27Y4BX0Y86BKMMNXQ4&hash=item293c12cf6a:g:jK8AAOSw7KtoKJl6&itmprp=enc%3AAQAKAAAA0FkggFvd1GGDu0w3yXCmi1el94w76DquM7owx%2FQ9mwJVTrZH%2B0E0IXVtW6%2FOZAAk5w%2Fg0v%2Fszo4TLFtmajRQqL70imVC%2FGfGlWR3g8qnbkyN9GScxJxrMyY4A1JTcV7EakU9vA6DTe0B7DmulyNAcMgp7fiU2dN7%2FMxVl3j1ct6CSCiBzstAMbSmi6diLjunVfOzIK8tM70YigAxsMS94xyW7R%2FozFa71xXtb7xuqlqoQSQ%2B5rxk3OAqdTTICigDv6%2FCU%2FvLgAyEDMzj0hMl0Vg%3D%7Ctkp%3ABk9SR5yh2-fgZQ,https://i.ebayimg.com/images/g/jK8AAOSw7KtoKJl6/s-l500.webp,2025-05-25T09:07:24.900390,
"Ford Transit Panel Van, Reg 60 plate (2010) SWB, manual, diesel",2010.0,,2750.0,"Â£2,750.00",Pre-owned,N/A,,N/A,Buy It Now,N/A,,littlemisskw* (802) 100%,https://www.ebay.co.uk/itm/286535310338?_skw=ford+transit&itmmeta=01JW37PT2779MN9482EPB715XK&hash=item42b6d5dc02:g:UgEAAOSwiAdoE0HM&itmprp=enc%3AAQAKAAAA8FkggFvd1GGDu0w3yXCmi1frbOziP1zIsYdH4iLOm78RAcH1%2Bt%2BZVJzXg7ooKll9SbsbMC2BATqQnzYZxD0QhcDOfQ%2BfSchnNowJqmYdSr%2BATcmMaFK%2F2FVCbu8%2B2toh8BgI0tNBSvGUGum3xTi7DoqXDEHtCwOEs9iWA6lkafJ7OrTuMqU5CGqNLWf0YSXE9Wasliz1MySSStKVgKrFqYCs3mHIRNlYAJIe41Hsnh1I23w2po66oWJ5OqdU6aviK%2FqXwTkwOgxwTowv7SPbX7KNW8QP6ZBI%2FXgmwekQWmCg8n77LRxqN%2BmZkNNfDVBniQ%3D%3D%7Ctkp%3ABk9SR5yh2-fgZQ,https://i.ebayimg.com/images/g/UgEAAOSwiAdoE0HM/s-l500.webp,2025-05-25T09:07:24.928910,
Ford Transit 350 2003 Jumbo LWB High Top RWD 90,2003.0,,2000.0,"Â£2,000.00",Pre-owned,N/A,,N/A,Buy It Now,N/A,,bits_and_bobs_by_owen (47) 95.8%,https://www.ebay.co.uk/itm/205483986533?_skw=ford+transit&itmmeta=01JW37PT27N0ZYR8QKD5H2R0SS&hash=item2fd7ccce65:g:FcoAAOSwdPFoI0Am&itmprp=enc%3AAQAKAAAA8FkggFvd1GGDu0w3yXCmi1fNE2%2BY%2BteQm6wAxKl77ZCyZO%2BtdEPjEkwOcQ51kOcreUYIJu8yiHq%2FRozbExHr1lJ%2FfrvdQE8rQar4Aa4T9bhdqniesoe3jwdsVrmxxOPQNJ7%2FTScvv8LRylpfXt3W9bghAkiw861My6%2FBhuX4srvKMXj2PNpq0Yxs9VMyq7GkdM0nIyfv2l9XXi98S%2BmaeeNMnW1D2Zv5daJu%2Ffcu%2BBClX92I31IaWQnlqqo7Ncy7%2FJWB6CTk5zVvTZiF2cjJyRR82AfiNaT%2BZ3ofSiU%2Fkh1sbNjaF1wZZAFbfPvvJD1COA%3D%3D%7Ctkp%3ABk9SR5yh2-fgZQ,https://i.ebayimg.com/images/g/FcoAAOSwdPFoI0Am/s-l500.webp,2025-05-25T09:07:24.957415,
2018 Ford Transit Custom Limited LWB NO VAT FSH,2018.0,,8995.0,"Â£8,995.00",Wet belt done full service history,N/A,,N/A,Buy It Now,N/A,,ccmotortrader (359) 100%,https://www.ebay.co.uk/itm/177099349996?_skw=ford+transit&itmmeta=01JW37PT278C96NM7RDQM2XPZR&hash=item293bf19fec:g:g8YAAOSw2VVn-RXh&itmprp=enc%3AAQAKAAAA8FkggFvd1GGDu0w3yXCmi1fqrsSpcAVJoXXx3E4AAktKUajiOoQZxEVibw7rTIpF%2Bv%2BuZ0Zabphr2MrcPHBGBZgW2eKYkLyvXziE3xcwC9dfmxvaBdLTh4acL%2Bhs3UU5nQoDVcODverqi8HzaAR37vIHT4TFZTDyXKmfChTLiuT0PBOudsJFTINwjXnF0kCTy3%2BEDHnAizlqQiXj5PI0fr1TxJ4k4Hvqj%2FcLeYjcRM4TM6PMIDaJrPrN%2BtzGsmwKThxsU5NNs7ilTersQDyoU47dvevHtlNqLtT0JI2wM1EvJjYcYWfa089TgaVhsslXNQ%3D%3D%7Ctkp%3ABk9SR5yh2-fgZQ,https://i.ebayimg.com/images/g/g8YAAOSw2VVn-RXh/s-l500.webp,2025-05-25T09:07:24.986922,
2018 Ford Transit Custom 300 Trend. 184bhp Remap. No VAT.,2018.0,,9950.0,"Â£9,950.00",Pre-owned,N/A,,N/A,Buy It Now,N/A,,"raze30fith (1,569) 100%",https://www.ebay.co.uk/itm/306294576554?_skw=ford+transit&itmmeta=01JW37PT27ECJ83WD7RJK8XSJH&hash=item47509455aa:g:MigAAeSwNdZoFeie&itmprp=enc%3AAQAKAAAA8FkggFvd1GGDu0w3yXCmi1dMWSJqGsFRiijn76UGY7mAbymIZhTz3%2BFN1%2FHYrojCo4Oad4akFT%2BSvhp4vzOYYKxImPhpoAQFlpZ5GaCxnW%2FJCgzvfB%2B7dic65YIjQCMAF3OKqRhdTGEgNOMiJZTMgsWdBFfcVnXmg4LjE2QI7De6PpQODXwDWs4yn9njhNPtT48RXCcQ0GDeojpzp5VKlbJIJgN97uZVknQHDFvYkG0CCm%2BeSoFRGbtek6%2FKmIo30bNuVViCDYHAxb07XZL7Yq%2BDz%2B%2BWODe69eMzsyb1KynFbmubb%2BmLqBSrpwggpfXRmg%3D%3D%7Ctkp%3ABk9SR5yh2-fgZQ,https://i.ebayimg.com/images/g/MigAAeSwNdZoFeie/s-l500.webp,2025-05-25T09:07:25.014124,
ford transit custom limited swb,,,2700.0,"Â£2,700.00",Pre-owned,N/A,,N/A,Auction,N/A,9.0,beaker1blue (800) 100%,https://www.ebay.co.uk/itm/135782950295?_skw=ford+transit&itmmeta=01JW37PT27QHX8GNY9SRCBKXGZ&hash=item1f9d4b6597:g:JXAAAOSwAgpoDrLF&itmprp=enc%3AAQAKAAAA8FkggFvd1GGDu0w3yXCmi1fEXM1g8WWg9hXYfsrQrsxUP3YctTcUcZhftzV6%2Fij5zGEcEqH%2FdJWFXWtl1hQWXUITbTzrEUseHSlb5K88XXsTiYqLEhoW%2FTKhnZzDQF0xenlRlHrdyTZZdPZt%2FQq%2FJZzKj7nc0NI%2BFvuHqY4CWin2pVbW7Coj2IhvC6vwR%2FPpOeSTU7lhC5WnwG%2F%2BieRvUij0zwleN4tPQ6qdVidlGugEl4fRVqw2euqK%2B7tyv%2Bzo6LWNAK9lt6CCvr95e3AdjD8j3eUFbo38cNaBeRkJoossacYm6Ho7NKwbopf7i7si3w%3D%3D%7Ctkp%3ABk9SR5yh2-fgZQ,https://i.ebayimg.com/images/g/JXAAAOSwAgpoDrLF/s-l500.webp,2025-05-25T09:07:25.044851,
Ford Transit 2011 1 owner low milage 113000,2011.0,,3950.0,"Â£3,950.00",N/A,N/A,,N/A,Auction,N/A,42.0,jw01_1151 (274) 100%,https://www.ebay.co.uk/itm/156978175506?_skw=ford+transit&itmmeta=01JW37PT27NX6EJKQBK8AQ1SFE&hash=item248ca0de12:g:Zj8AAOSw7x9oIP0O&itmprp=enc%3AAQAKAAAA0FkggFvd1GGDu0w3yXCmi1chmj%2B9gyRBRD6GPjkZk8ZjxX%2FADp01wdhBCfu69xvy3hql4%2Fg6w5r6O%2FRN3LB76%2BGi2A3mxcx43s7cRFGiR8i%2B4V%2B5cbNHgbXxrC0XZoXgpMfAgGtZPFjDB8QQLDncr4i1D8Xx682Kzu0%2F02B3BaR3y5CyjzzgbQdVp9ryAFc%2BrK7zvzv%2BRcyHx7xeox7F7S2HL0Z3%2Fc1sCw8BztvAFPR0k27yjiE0kJX%2BOBP%2B0WxSDy1IVCcQKnVpZtVAkdK0DJU%3D%7Ctkp%3ABk9SR5yh2-fgZQ,https://i.ebayimg.com/images/g/Zj8AAOSw7x9oIP0O/s-l500.webp,2025-05-25T09:07:25.072920,
Ford Transit Custom 2.0 280 2019/ 12 months MOT/ low miles,2019.0,,8400.0,"Â£8,400.00",Pre-owned,N/A,,N/A,Buy It Now,N/A,,andreajg22 (124) 100%,https://www.ebay.co.uk/itm/267243327650?_skw=ford+transit&itmmeta=01JW37PT27SPQM4FEXAVXZ42GJ&hash=item3e38f190a2:g:IqwAAOSwp5VoG0gd&itmprp=enc%3AAQAKAAAA0FkggFvd1GGDu0w3yXCmi1fhKcyNqI9%2FH2wZZY8gQtA%2B9xt0pPPj4AB1HBZdV8xOvDWB64poImUotvHuLc%2Bgk%2BKDBMeVt6I5J8rGkm7FZbQvq3a5Px%2B3TeXJJsLdS%2BkVMlubblGM78AMYsrPQpHmtLqfXGQ68hJVtYZYq7%2FHlwUWJOjZswB0dz7JwxGadfGH%2Br9odsaqZt1hRFfMI58gj3VdSKdaXWwtli8KquagmaDuspkUDuaYOO7%2BXpAe3g%2F2De3fryKkRHa%2BUESm6J%2Bj0nQ%3D%7Ctkp%3ABk9SR5yh2-fgZQ,https://i.ebayimg.com/images/g/IqwAAOSwp5VoG0gd/s-l500.webp,2025-05-25T09:07:25.101614,
2008 58 Reg - FORD TRANSIT LWB ADVAN ADVERTISING VEHICLE MARKETING AD VAN ADVERT,2008.0,,2350.0,"Â£2,350.00",Pre-owned,N/A,,N/A,Auction,N/A,41.0,"cashtraders (1,957) 100%",https://www.ebay.co.uk/itm/267247472267?_skw=ford+transit&itmmeta=01JW37PT27844R5PN5VRZKWSQ2&hash=item3e3930ce8b:g:5EQAAOSwvqNoIPtJ&itmprp=enc%3AAQAKAAAA0FkggFvd1GGDu0w3yXCmi1f7AuTGzcckVGGVTpSIo5%2BCgf99n9ynFlRsilMiIoObIplcFm0%2Fw1NKpSwfAnBfPSR9eT18P3V47PcCEMDkycv0pqMqZG2bAuOfd9IpGAS1PdaIdz13Zxq9mstOxjRqL%2BR1%2BMQNDQUQC%2FxH5EM5eZUAUI6v%2Banx1gRe8gB07xRDbWJLqVLrYOJ3uOF7BdAX8qazmFDIP3rOn8QtcvyoJ61EyVQLqStKvapC9EAsy7srO2lygSLHj6ZCNoZaSejr3yU%3D%7Ctkp%3ABk9SR5yh2-fgZQ,https://i.ebayimg.com/images/g/5EQAAOSwvqNoIPtJ/s-l500.webp,2025-05-25T09:07:25.131882,
Ford Transit Custom white Diesel For Sale,,,3000.0,"Â£3,000.00",N/A,N/A,,N/A,Buy It Now,N/A,,*star*db (121) 100%,https://www.ebay.co.uk/itm/177088811836?_skw=ford+transit&itmmeta=01JW37PT27XVKZ0966P7155W8Q&hash=item293b50d33c:g:MQMAAeSwDSJoIfkm&itmprp=enc%3AAQAKAAAA0FkggFvd1GGDu0w3yXCmi1fXcpb3T%2BGKjg1GG47PlTWOSn%2FGainix95ZSzH60W5v5%2FEkGJCd6mqawyrJZ%2BgXr1kQ16dHzTHOliggAu%2FwvexdqvaSYBkLcX9oH9O1eTBZdJptECBUBRqdpCBWC9ic4HO6xS4DJGIuD1D5QVdDO0pYwz6IPHwkdNtxIq8eu3jDozyRotM2pTYGvb5X7HmAPV2OQqUf7O3NqQyxB7VIZulGRhJJ78JKtATTEYkA88a06t%2F88NtQaLG%2ByEv%2BezIou3c%3D%7Ctkp%3ABk9SR56h2-fgZQ,https://i.ebayimg.com/images/g/MQMAAeSwDSJoIfkm/s-l500.webp,2025-05-25T09:07:25.158552,
2011 Ford Transit 85 T280m Fwd 7 Months Mot,2011.0,,1420.0,"Â£1,420.00",Pre-owned,N/A,,N/A,Auction,N/A,20.0,jete113 (0) 0%,https://www.ebay.co.uk/itm/316790074072?_skw=ford+transit&itmmeta=01JW37PT271HXQA7SYBNH5DGFE&hash=item49c228ead8:g:SmcAAOSwIsVoIKY0&itmprp=enc%3AAQAKAAAA8FkggFvd1GGDu0w3yXCmi1cLUFyczUzPIDBJFe5VliX%2BVk5HKYemXQzJ%2BdQC8eYZX6bbUiBXWtJxjd8IRXHI8z1VsKzoVbDL8Exknbiazc5tje86dJrJ232sIZyJRXz0twF0vkmSK3W%2FrBs%2BVoV7Lj1xC08aujfLkDVp9d%2BeDhtv2RScc3W5fFegSjefi9EPQpPusMv8BdbhJrGRwFUTo4ThXsmWwEUTk70QWytEv2aRqL1cA5hBzmqRUEkQe0%2FduD4llT5TCyrdf8xS9hEgnZCwyyzMYz6EDtiCx8vLbViYfkehiIntvxwprKg8NlZfkA%3D%3D%7Ctkp%3ABk9SR56h2-fgZQ,https://i.ebayimg.com/images/g/SmcAAOSwIsVoIKY0/s-l500.webp,2025-05-25T09:07:25.186870,
Ford Transit Diesel Manual Trend 2.2 DCI,,,1160.0,"Â£1,160.00",Pre-owned,N/A,,N/A,Buy It Now,N/A,,cndpg-74 (72) 100%,https://www.ebay.co.uk/itm/197324477028?_skw=ford+transit&itmmeta=01JW37PT27S4B8KS3J9ZD04G0F&hash=item2df1749264:g:5ygAAeSwR-5oJwXr&itmprp=enc%3AAQAKAAAA8FkggFvd1GGDu0w3yXCmi1cImq0I30KgFaYBbZHXU8N0VSgbe4oQHqFZkFOGBecbF1lYPxlzZlLcUsD%2FMbAMdY4j5S30aPDvcEfxNHKibcdv8qq%2BSDZK5nyNbePQLllTTd%2ByWYfzu5Fz3KlBlZH6O7ujJo4X78JAETl2GVecOadcO2GsvBURKyA%2FwcDTF77J8fAvqy9U0XPvV8AZqgL9A274e46Nyf0aZWCHYjDpyOgQkoM4Zc%2FBkR3I2YwEZ%2F%2BQSKmho8jlrtvohLXE9W9Z24XYQZIbhdULOm%2FbQRzqxUahCcoTycNBswXzTAdYmRzAMg%3D%3D%7Ctkp%3ABk9SR56h2-fgZQ,https://i.ebayimg.com/images/g/5ygAAeSwR-5oJwXr/s-l500.webp,2025-05-25T09:07:25.215543,
2012 Ford Transit Mk7,2012.0,,2300.0,"Â£2,300.00",Pre-owned,N/A,,N/A,Buy It Now,N/A,,"sam6660_4 (3,771) 100%",https://www.ebay.co.uk/itm/127119604761?_skw=ford+transit&itmmeta=01JW37PT2762NH4ESF2AWDGBZW&hash=item1d98eb3c19:g:AaAAAeSwvc9oKbng&itmprp=enc%3AAQAKAAAA0FkggFvd1GGDu0w3yXCmi1eyy9BI0wvW5eb7pLPRbGzl%2FjoYFJBruwk6XmHBp1TgDAG3CMETBAadlSNbRTHfAbmawXbLiMtreZhiLhGcdOJlzKTo9Bff9Yz4cuo4qPYSsRGWNu4iW88jw%2B2825J%2FjqkqF%2BdvooSDQ%2BHyPO4frI9dErBP4qOv7GiJ4uUaZW10vFolbzWS8vPwTObFylpo8uE7fqMLDd2MOx%2FgZvBhw3kG9EvvDUk%2BH7vTKUoltMAmqtI3%2BVzSfsHtrYxZhIKCvP8%3D%7Ctkp%3ABk9SR56h2-fgZQ,https://i.ebayimg.com/images/g/AaAAAeSwvc9oKbng/s-l500.webp,2025-05-25T09:07:25.244102,
2017 Ford Transit Custom Limited,2017.0,,5500.0,"Â£5,500.00",Pre-owned,N/A,,N/A,Buy It Now,N/A,,joely2089 (942) 100%,https://www.ebay.co.uk/itm/277117543286?_skw=ford+transit&itmmeta=01JW37PT271KXZS8T0QTZRQDJP&hash=item40857e2376:g:NuwAAOSw3s9oEjc4&itmprp=enc%3AAQAKAAAA8FkggFvd1GGDu0w3yXCmi1cb5cIE0zNbIuuJyqqe0Cp4d0cvmjNwgWXUnfKtkO4YYDCZdgxOUot8svMRcSnSvO1tbNS8qZAhWOYOMC54czQ51Phlk0B0G%2F8O1SF0cPxu5g%2BUiJhLhSceaC6xx2ZH9GjeaaP3p907ZaR%2BDsmN%2Fwv1CRaTZi44v%2FdzAgw735%2BUV78uot8GoNEOC5w95ezZvLqJrNBMXILje78EPIJuOYbJ87ZG4LRBzX7c0aX6a%2FQu0Iscm%2BOsKX0YMLfVzlyXkjlVUBrUGZ9sJASG4eIe8WsY%2B6gTSM1kMbsWb2YmXJeY%2BQ%3D%3D%7Ctkp%3ABk9SR56h2-fgZQ,https://i.ebayimg.com/images/g/NuwAAOSw3s9oEjc4/s-l500.webp,2025-05-25T09:07:25.271796,
Ford Transit,,,6000.0,"Â£6,000.00",Pre-owned,N/A,,N/A,Auction,N/A,1.0,gord_djjotfz8 (11) 0%,https://www.ebay.co.uk/itm/267247102947?_skw=ford+transit&itmmeta=01JW37PT2788C1TGMY6Y51W8WT&hash=item3e392b2be3:g:J6AAAOSwMyZoIImQ&itmprp=enc%3AAQAKAAAA8FkggFvd1GGDu0w3yXCmi1dMxOp36r9TZHnSzI1L3y6AAoPFTae8joutXFdvdcdaC8fgxPcqKr4KoviDzlHzomLzas4wo%2F67KXkKxWZxcLBBDlvFJHzMVuzocwgrObrNgNl%2FQir%2FEi%2BrRiXKMbhAwS9zQHUHAl0Z4E9vP0SPaJMTdXJV9IFZhtqHCtT7EXTthD3jpE4auBmm1yX4OMl3whWBcD9GRN%2BLmMgloUYD2qwyvpM9n8rnYsBBkKgv3lAotO9LKJJe6PLPb0fH3KQ4U6CAnWMLteOqei0%2Fbd%2FKeQeynewKf4MZoRg90bCyTjJ6HQ%3D%3D%7Ctkp%3ABk9SR56h2-fgZQ,https://i.ebayimg.com/images/g/J6AAAOSwMyZoIImQ/s-l500.webp,2025-05-25T09:07:25.299512,
Ford Transit Tipper,,,2000.0,"Â£2,000.00",Pre-owned,N/A,,N/A,Auction,N/A,1.0,far_kirs (60) 100%,https://www.ebay.co.uk/itm/197307391230?_skw=ford+transit&itmmeta=01JW37PT27MD1XPEZYYXZCTF6Z&hash=item2df06fdcfe:g:mxcAAeSwDlBoH-kt&itmprp=enc%3AAQAKAAAA0FkggFvd1GGDu0w3yXCmi1eTLBSJD77RldmxjFQzv5HZmrPUecxevsgQw%2BqmxS%2BvXIpR4M3EGzECqeGSY1u8UeNE47MWd6tiY6XegQ6eYSc20NPE9f%2Bfb4cV91wQd%2B7C%2FEG79i8teZh%2Bil4NLAshHTqwUNsUU%2Bo58Qws4UUP8wIMCckPehhXNcEep5ReXQ%2FUgwP%2FOULD2Hs70szJS32nt7GTeliZbMUrN8Jy%2Fejorl00fEo1Yjz9l%2F0sTSGXIyRMmOXyng0wIyD3RafSHD4bWXk%3D%7Ctkp%3ABk9SR56h2-fgZQ,https://i.ebayimg.com/images/g/mxcAAeSwDlBoH-kt/s-l500.webp,2025-05-25T09:07:25.327025,
2016 FORD TRANSIT CONNECT 220 TREND 1.5 TDCI 100 L1H1 SWB EURO 6 ULEZ COMPLIANT,2016.0,,3750.0,"Â£3,750.00",Pre-owned,N/A,,N/A,Auction,N/A,10.0,jonpoodle (18) 100%,https://www.ebay.co.uk/itm/277102283639?_skw=ford+transit&itmmeta=01JW37PT27G7JD458Y8F2H1KCG&hash=item4084954b77:g:f-sAAOSwDzhoFdeB&itmprp=enc%3AAQAKAAAA0FkggFvd1GGDu0w3yXCmi1dJkXNUnC7kgyx5YiCGb9KmDeYvbEyQHcKxCHVi63HGqYiXBF8XbrjJvOPR5na0j45qwTbq%2FBNW6CwYfxXgS9Y5%2Bxrd20Y85Dhwtsn79eDC93ennfarXJhJ7sbEJPyO6zgLcvn3a6MMD4X1R2pDRYjYGOXKi0QObsJQY4AB4mJaAG%2Ba2rO32YvNv22evg%2BfylDb7Qm5axazUU2bDUwVtWsk7IUg3XyWpPE7rYi3Oe1FWT%2F3prSZIQ%2Bv4Y1i64tASPM%3D%7Ctkp%3ABk9SR56h2-fgZQ,https://i.ebayimg.com/images/g/f-sAAOSwDzhoFdeB/s-l500.webp,2025-05-25T09:07:25.355854,
"Refrigerated Ford Transit Custom, 2021. Price includes VAT",2021.0,,9000.0,"Â£9,000.00",Pre-owned,N/A,,N/A,Buy It Now,N/A,,jody3819 (285) 100%,https://www.ebay.co.uk/itm/187213370971?_skw=ford+transit&itmmeta=01JW37PT27HD4WFQ5NX9RQZG7S&hash=item2b96c9565b:g:MsMAAOSw7TJoIJwW&itmprp=enc%3AAQAKAAAA8FkggFvd1GGDu0w3yXCmi1fOvKr78GjNr5%2BV4Zi%2FbJTHT%2BFruUwO99xDeOhLnySbIQjFEzkEwY4f80KX0HOxRSXss0d5lVDN2819Vea2%2FOsdwtWfaYt6B50MATmZv03Je%2FRx8cO0G1wdLLZYb9OMQ7crO%2FIksynrHa7Ll1Ct52bpnam6iFHP87frGZTn59kX%2F63fpT%2BlNO%2BwAZh6vXpFWiJ9%2FisyWVWa5QB%2F%2BKAeR%2F0eVlgs%2FDTnadEu2V9hx0HRr9jQqAlfXypJPuOMCBYUkEBqrAMzyxnO2Rab6vHe2Y%2BaBoIRJ%2BYHcOHoF4GiwJNXOg%3D%3D%7Ctkp%3ABk9SR56h2-fgZQ,https://i.ebayimg.com/images/g/MsMAAOSw7TJoIJwW/s-l500.webp,2025-05-25T09:07:25.388018,
ford transit dropside 14 ft bed just upgraded springs and track rod ends,,,6000.0,"Â£6,000.00",Pre-owned,N/A,,N/A,Buy It Now,N/A,,seans-gutters (17) 100%,https://www.ebay.co.uk/itm/226725666963?_skw=ford+transit&itmmeta=01JW37PT27SEEFPSBYXTNJP4EB&hash=item34c9e72093:g:pNsAAOSwGqJn3wRc&itmprp=enc%3AAQAKAAAA8FkggFvd1GGDu0w3yXCmi1fNYf2X3nO9y7gJ8pEg0vTS3uMli9wU%2BuzP54pNHLccQvbezdBY4FyQrlKx%2BKwts1rJua2Ux%2FkeiVL5tkil3v005Z4J0x%2Bx2jQvW5JsuPiam539MBWXcPdIQZXGLXAtktU%2FUkKWUuERamApA7gK%2BBJHTCKO10BIBA%2BiHsbnSWs1a%2FXE%2BwYEESOXXszDw7Q5Wy8ySSVBvDF55LiJqk%2FDa6sESGqX9L0%2FX7SfSv0yz1ZtCaAbi0AB85cr3rRT2ZKULI9%2Bnn0jSbS534jidv4jrU0MxRbpUjG%2Bl%2FXPtOtLBQ6wWQ%3D%3D%7Ctkp%3ABk9SR56h2-fgZQ,https://i.ebayimg.com/images/g/pNsAAOSwGqJn3wRc/s-l500.webp,2025-05-25T09:07:25.420788,
Ford Transit Diesel 68 Plate Xlwb,,,4500.0,"Â£4,500.00",N/A,N/A,,N/A,Buy It Now,N/A,,dehend-14 (0) 0%,https://www.ebay.co.uk/itm/356901349132?_skw=ford+transit&itmmeta=01JW37PT27GK1YXQ9GWN0GH2AW&hash=item5318fa670c:g:d70AAeSwFDloJe7m&itmprp=enc%3AAQAKAAAA0FkggFvd1GGDu0w3yXCmi1eaPquSD%2FqB2LqjOAm1ECbf1xRI2FIcy%2B9W7Fvx2Dxoj%2B6NbX0UfbolFBOv4fWfGOG9FTyfegqmZL6u%2BoTI%2B7R3J1BJed1%2Bd0bqGqQC3cN0bexCQeCRFhQeZCl1kkV0Z02cPkjObMynCIhthoNSxpizI5ozEvYKXwqu6b7ZV9fXRw4t8iJRQ2tEcZsfvRyTqSgpspzKpbJEuiw%2BHIYKiXM7W2YZTuOE%2BRn5TyFOb2E06k4bl8ht4WnS0QvGIkW3BNU%3D%7Ctkp%3ABk9SR56h2-fgZQ,https://i.ebayimg.com/images/g/d70AAeSwFDloJe7m/s-l500.webp,2025-05-25T09:07:25.446313,
Ford Transit Custom,,,6500.0,"Â£6,500.00",Pre-owned,N/A,,N/A,Buy It Now,N/A,,geomah_9755 (6) 87.5%,https://www.ebay.co.uk/itm/146562916753?_skw=ford+transit&itmmeta=01JW37PT276HTRN3K17NR5BVEK&hash=item221fd4a191:g:o0EAAeSw~7VoFj05&itmprp=enc%3AAQAKAAAA0FkggFvd1GGDu0w3yXCmi1cHyw3oQExjxasciyZw%2FDTIatc%2FUZF18%2FenvLeVnFP%2BbB4iR1uTjl2fv0gCQKFGOFc43GvV2Gw1nJre7oebF9svs1KpVy%2Bd2WQrZnVeYUARZZV6idkYV1VYb9cE8CfVj%2Bw6KBSh2XDkVHz0DPzrfI56JLoYgkX2slOdg%2FC9DNbXc0x4luNcEgc6qB%2BhJHyFv7lQsZWAeZggrxSQRFqya0MwVmT376JV9P9cspCzPt1Omp0RjC4QOxYot6p%2BQVJyQAc%3D%7Ctkp%3ABk9SR56h2-fgZQ,https://i.ebayimg.com/images/g/o0EAAeSw~7VoFj05/s-l500.webp,2025-05-25T09:07:25.494556,
Ford Transit 125 T350 RWD Crew Cab Tipper Twin wheel 3.5 Ton 2.2 litre Diesel,,,2850.0,"Â£2,850.00",Pre-owned,N/A,,N/A,Auction,N/A,19.0,andrewjamestwigg (250) 100%,https://www.ebay.co.uk/itm/256926940399?_skw=ford+transit&itmmeta=01JW37PT271NXHSWEKWX0M3G7B&hash=item3bd209fcef:g:x7IAAeSwdHZoH4lz&itmprp=enc%3AAQAKAAAA8FkggFvd1GGDu0w3yXCmi1d%2F%2BoYW0Cy1OBkD9YqIbDvXDPnAWQ3T1kwngLBk6Z2Ut8Q84KBQskDsBPE3Briyj5uvx%2FJJ9WbBeOH1OD3n1fDTDXt1LYjpbzyvloO1hHj%2FRS1sCGkwvFexXHO4%2FasafQIo1Lw8fYeVpOQJTX%2FVO5fH%2FnfRRZVyoyF0wPnuck2PT84QDBgz7eixMyYixUBdT0o3wSBPwxBA4VUnF2RJBXgKAyCuD2CTgmy3tVjoWpOPEsEy6ESkRQXGNC7n6DsUEaTVGOHgBlYeKjHSXVhwVZz93lxmfmjcYlXFseeCPIsuzA%3D%3D%7Ctkp%3ABk9SR56h2-fgZQ,https://i.ebayimg.com/images/g/x7IAAeSwdHZoH4lz/s-l500.webp,2025-05-25T09:07:25.523212,
Ford Transit Connect 240 TREND LWB Euro6 NO VAT,,,3300.0,"Â£3,300.00",Cam belt changed at 179000 miles,N/A,,N/A,Auction,N/A,42.0,123hard0 (636) 100%,https://www.ebay.co.uk/itm/335955057814?_skw=ford+transit&itmmeta=01JW37PT28EGEPG5RSEQSTFVQA&hash=item4e387b5c96:g:vzIAAOSwVxtoExEU&itmprp=enc%3AAQAKAAAA0FkggFvd1GGDu0w3yXCmi1d1HIIGbZ4VW2CyHrcaLD9eKB8lYkPL%2Bsybm71lqIFZcWMyupfwUAXOR6ristwl40WIuiqlDzIekkzD43s0iB1B9D48pSyASEeG3FIkHfdDtJMgxPX8XIxdQlxV0YILpFdkrT0gwwflxqMMG1iYv5%2BOAAD%2FTpBa%2FrJQenlSqbL0r5JHkSJcnOdtdpDZYipNMwxHeEfhbSbgv88FEUtCIrg9Rt09ZUeju0YT9%2B5JZfL46m5wJopnOf41%2Fs3Vu1xR%2F84%3D%7Ctkp%3ABk9SR56h2-fgZQ,https://i.ebayimg.com/images/g/vzIAAOSwVxtoExEU/s-l500.webp,2025-05-25T09:07:25.551288,
Ford Transit Custom 2013-2017 Diesel Van,2013.0,,2000.0,"Â£2,000.00",Pre-owned,N/A,,N/A,Buy It Now,N/A,,jacburk-1 (21) 100%,https://www.ebay.co.uk/itm/226752418726?_skw=ford+transit&itmmeta=01JW37PT28Z8G1QT75X59BADK1&hash=item34cb7f53a6:g:tigAAeSwfM5oJIXd&itmprp=enc%3AAQAKAAAA8FkggFvd1GGDu0w3yXCmi1eCjW3POD%2FQclJLmVEH3CrV6CDUzftBF0eu23JjhpI%2BKabyPjulKSPL7f8MHuBltUekaRZFjVk3PdlbmfIP3SHmdLUBvs22vI75IzzztX7FMnki6yHVWv7fraBhNaoLMNxINQC2ZzM7LiTWhYdQjozqXhN5fPL6zhSue4yu%2BQv%2BSzojpvv5A7ofrfPy8v3FpukmxcxVtkC1%2BwmYBc5iOoRtJLJY9LNa5J7pE5Dr0LDQx8XQ%2FNsTFmboO5Hpmj538NpCHhlpQrq%2BGkVW7YiGZ22K%2FWM67cMAV9FgEfB2mBw4Lg%3D%3D%7Ctkp%3ABk9SR56h2-fgZQ,https://i.ebayimg.com/images/g/tigAAeSwfM5oJIXd/s-l500.webp,2025-05-25T09:07:25.580465,
2017 FORD TRANSIT 2.0 350 LWB HIGH ROOF L3H3 EURO 6 VAN ULEZ Compliant NO VAT,2017.0,,2350.0,"Â£2,350.00",Pre-owned,N/A,,N/A,Auction,N/A,25.0,"gholmes99 (1,421) 100%",https://www.ebay.co.uk/itm/226744233401?_skw=ford+transit&itmmeta=01JW37PT28E4QKE3FBYKFG443M&hash=item34cb026db9:g:LJkAAOSwe9toHzuD&itmprp=enc%3AAQAKAAAA0FkggFvd1GGDu0w3yXCmi1d5wvpH1KTVNxKaEKraBNLW%2BNVJscxybtMkibwwAAg%2BU%2FacP1CgISHZzGQubqDlMe7GA3nVQFCGp%2FKuw3FfEkg%2Br%2BXkVPTKh2Ho6tRX%2FP2%2FSwBpYsh95qU0irOtBsryYC%2F1JRYuwCiLYi93Z6huWcdpSeF34Es7HT6rddHrPpVmWxC4OI9RHnIFYwWu6TFmHw6HJuWJ7q8JjgMvGK48U%2B%2FRTxDJOrEoK4wtZeh4K0EAaaX2i4aNMsEGPYt0E5KzTCE%3D%7Ctkp%3ABk9SR56h2-fgZQ,https://i.ebayimg.com/images/g/LJkAAOSwe9toHzuD/s-l500.webp,2025-05-25T09:07:25.608315,
mk7 ford transit 2.2 Rwd lwb high top,,,1550.0,"Â£1,550.00",Pre-owned,N/A,,N/A,Auction,N/A,2.0,nicwac16 (36) 100%,https://www.ebay.co.uk/itm/146573349633?_skw=ford+transit&itmmeta=01JW37PT28E797CMG142M1XZZV&hash=item222073d301:g:UQ0AAeSwGOZoHh2g&itmprp=enc%3AAQAKAAAA8FkggFvd1GGDu0w3yXCmi1fHa3Snf3X3H2qVX8dCjJjwGt1zyIJIO0eYbyTpURzmceZJ1gFNosq51Md7YT9%2FZZzkR5lB8KuZk9HrD8o%2B3ADjki8hFsmoe0NXFnhfOBgTZqaFwvZOXEt1sxBF5RtR%2BgWReT2gZCR2KLjdK4bgLdWQ6AAX0DhR2JnebToAaETfnXNW6LUvQaQswLsjz2tPgm%2FRp%2BIMgObynKTbBd1vog37GCdsoY3PtwljBV1C8pKFuURGfLn6%2Bacueug9n9NU9iQNQvxcN4v7ZJ0Rq81Yj8mr08DsuXa9SmiV0RroIONpsg%3D%3D%7Ctkp%3ABk9SR56h2-fgZQ,https://i.ebayimg.com/images/g/UQ0AAeSwGOZoHh2g/s-l500.webp,2025-05-25T09:07:25.636112,
Ford Transit,,,5650.0,"Â£5,650.00",Pre-owned,N/A,,N/A,Buy It Now,N/A,,dalhay50 (4) 100%,https://www.ebay.co.uk/itm/135788267311?_skw=ford+transit&itmmeta=01JW37PT28YHQPM37HYWW0BW7G&hash=item1f9d9c872f:g:OAQAAOSwarloI4di&itmprp=enc%3AAQAKAAAA8FkggFvd1GGDu0w3yXCmi1ffVMPrptzTyopBBEDqM%2Bhtxm0nhQtQeXVBxE2J6c9eLEB%2Fgawm06tGBfOEMbMC1%2FTRazWkMTKGz%2BjOypTqlAW4UaLboV6dAZg%2Bd4rIK40e0qUFgvvVql7dL0IH1uvtQlbYgZVpewqS2F6yyj2kxcpjxPZvm%2BJDwL5h4AOFKaSwM%2B7aAeZPkmg2yC3Utx2jg91PRxoZtS8xVLKRSDpbK3c81XLjwCwipSB0R6fxwclZeY6iNb8kcFGgf9os3uHtAvEhd%2BcS54YCu7HSw0LYrETefyTdDrGH3EqtHD6b0rjzrw%3D%3D%7Ctkp%3ABk9SR6Ch2-fgZQ,https://i.ebayimg.com/images/g/OAQAAOSwarloI4di/s-l500.webp,2025-05-25T09:07:25.663622,
Ford Transit Custom,,,6000.0,"Â£6,000.00",Pre-owned,N/A,,N/A,Buy It Now,N/A,,jmskinson2009 (163) 100%,https://www.ebay.co.uk/itm/267233243603?_skw=ford+transit&itmmeta=01JW37PT28X5073VVATGXQCEC8&hash=item3e3857b1d3:g:aacAAeSwLDxoDfHy&itmprp=enc%3AAQAKAAAA0FkggFvd1GGDu0w3yXCmi1d3m%2FFe3n9ZYNPwt3oQRz2tRyo0xkwsNLjng2ehKJOJRtqyVfWCq6joqmb2Yw1xb5AJDCSEzdo5hi%2Fm2RgoJ5SMU6XKyvUbceySHmExFVFoOwVBjlYdIknIu6HrO47jwJVRabg%2BAYr15hjtM630yo3Ubodp49suTeVnSH31Rj5R3FMtP9zLkgMubVUJF922jrHNnN%2FdNWDGuRtaIyBvxbNaDgUlTgod7hOVuvEpxrxhasUXdk4zn1WCqrSQtprJgb4%3D%7Ctkp%3ABk9SR6Ch2-fgZQ,https://i.ebayimg.com/images/g/aacAAeSwLDxoDfHy/s-l500.webp,2025-05-25T09:07:25.691581,
2009 Ford Transit van SWB low roof FWD,2009.0,,1000.0,"Â£1,000.00",Pre-owned,N/A,,N/A,Buy It Now,N/A,,rik012 (443) 100%,https://www.ebay.co.uk/itm/167514164647?_skw=ford+transit&itmmeta=01JW37PT28CG7GCT6PE91V5R12&hash=item27009f4da7:g:xj0AAOSwtqVn0qSN&itmprp=enc%3AAQAKAAAA0FkggFvd1GGDu0w3yXCmi1eoSfwgtr1X665%2F1GtVV%2BnD8kuzseZcnVloG%2B2H7T4GDEs3rP1UEzg1Blh%2BM8w6uERdmmnl%2B2OsvS5a2jCeEJpEqxtynAaBIB6plh%2FVqr0pnHbNfvnbXqxHCuZfUqz2gn2cq6N6YcNOnPwsdYLDdg622GVLbTSRwPqoJTFLCA%2BIFzHKO0S8MvDTaBc3trZmcpxeZdXcJ4Wa0Z6kb3g2MzAC4l24BUencSdqE8ug94RjvScXGvwhc8xM1wtbUvUTxWg%3D%7Ctkp%3ABk9SR6Ch2-fgZQ,https://i.ebayimg.com/images/g/xj0AAOSwtqVn0qSN/s-l500.webp,2025-05-25T09:07:25.721787,
2008 Ford Transit 3300 2.4ltr Ex RAC Spares or repair.,2008.0,,1000.0,"Â£1,000.00",Pre-owned,N/A,,N/A,Auction,N/A,1.0,josuk_xf62igmsy (107) 100%,https://www.ebay.co.uk/itm/156971299181?_skw=ford+transit&itmmeta=01JW37PT28BNTWQFYMG531ZX70&hash=item248c37f16d:g:L2wAAeSw0BFoEQKZ&itmprp=enc%3AAQAKAAAA8FkggFvd1GGDu0w3yXCmi1e60dbXLjMCEqLTAKwGUlN2daGmzM5ulD6kQbUJ9XA0Uic9s%2FO0Oe6t3IJorLta2UPDyNGEKae6bQ0dPTc4jnoNr7crC3QfahMA36NJl6nnO9WcILcMiUmuiVVqIWiGgBFaCevD7p5vWBJ8ALJmzJe7o6udO4%2FAuaKKyywBVGm50DJE3wXSW2d33XWHDTKrQKrd57MF4HrkfSCuqOlt%2FfRDab8RbM20onjcmh%2FmNY7d%2FpQe1zWNcXowRabPxALAUq4QtY30KOdY54R3mkcWwLdXi7aizAIRwbVcSj0FTrVJ1w%3D%3D%7Ctkp%3ABk9SR6Ch2-fgZQ,https://i.ebayimg.com/images/g/L2wAAeSw0BFoEQKZ/s-l500.webp,2025-05-25T09:07:25.750310,
ford transit connect,,,4400.0,"Â£4,400.00",77k miles 2017,N/A,,N/A,Buy It Now,N/A,,mark-know (34) 0%,https://www.ebay.co.uk/itm/256914430364?_skw=ford+transit&itmmeta=01JW37PT28P2VYYJ9QX18HYKGH&hash=item3bd14b199c:g:320AAOSwo~RoE7KX&itmprp=enc%3AAQAKAAAA0FkggFvd1GGDu0w3yXCmi1fELW%2FCWM7wezw8tUF64US0KPYMqClxbS%2F6dquQHunRWX4v9orPTVovHOg8CB7ytVbPtQv0ie4XDDZkwpOU5smmWc0FPOQvNShCPwV5itT8sPVAw26QXjI9MovvufeAYvMzNbGLp%2FMpbVGY0kHDhLA58VF8aHiK5l7PmnS9BYr2nodamywRw%2BnUkZJdvXLqgNaDIcdns9eO%2BP%2F3vc98RzPiOP9vkL8SJvSXJFEbgLmh4I9Gac0eDPwJUdeheUoqFc8%3D%7Ctkp%3ABk9SR6Ch2-fgZQ,https://i.ebayimg.com/images/g/320AAOSwo~RoE7KX/s-l500.webp,2025-05-25T09:07:25.778557,
ford transit custom 2.2 diesel for spare or repair,,,1800.0,"Â£1,800.00","Ford transit custom 2.2 diesel, low mileage,spare Or re",N/A,,N/A,Auction,N/A,5.0,paulgsar-0 (314) 100%,https://www.ebay.co.uk/itm/405848514085?_skw=ford+transit&itmmeta=01JW37PT284YVZQQVPTN30HGM7&hash=item5e7e74de25:g:KWoAAOSwvQxn59I~&itmprp=enc%3AAQAKAAAA8FkggFvd1GGDu0w3yXCmi1dJ%2BL7m4omefBcppcVA6KyIQIPJodojQTGmhS2ABlj46cfXfaWSXBmk9SmPZcjSAfw43bx%2BK93ND05PuHHV%2FKUT32l7oxiuVTfep69lJevdXd2tlMmxPArNW4TzF0KjPFxHZM9NRA571HH7K5KFnwtVdx8oqJl77n%2BATlSGXygY%2B7gIgVptwRpnvAKds3pJE1pf0Kn58DwwKQJaafMeGSMqe%2FREPQkgTVmytdML3i6uE8O0R1FCB86ZLZ5TLmyBxOHMhxcSWH1LC0aQuA%2BnnZZNfLEvNZ2e%2BHmDQ%2F2U%2B0dojg%3D%3D%7Ctkp%3ABk9SR6Ch2-fgZQ,https://i.ebayimg.com/images/g/KWoAAOSwvQxn59I~/s-l500.webp,2025-05-25T09:07:25.807256,
2009 FORD TRANSIT FLATBED PICKUP,2009.0,,2250.0,"Â£2,250.00",Pre-owned,N/A,,N/A,Buy It Now,N/A,,obrienm_0 (0) 0%,https://www.ebay.co.uk/itm/135782341516?_skw=ford+transit&itmmeta=01JW37PT28V6J09D4239XX8N8T&hash=item1f9d421b8c:g:VDkAAOSwN1doILmo&itmprp=enc%3AAQAKAAAA0FkggFvd1GGDu0w3yXCmi1dMNIza%2FHDEd%2F5kleVfvOUY5TKM95xUylCGY9LwjjYL91j7dP9z%2F3zCT20y0F14aSIJAYoq8kH5xnX%2BfPwRA2wgDuGqlEwk%2FOTdtjTGm9mPyLWMTsdXs%2B%2BfxKPR%2BSOEmtrV7Pi%2BuxqhboOE7DOSbXGkdXjc5V%2BLjNLFzSgqsG8YDnlMtuhifxOZq3KpxhsthkQB1LJRGz%2BCUbAg2iAvQsDQElXCZ0PJolFKkJOgCHR7zSrSqGxqK4eH7Dk2hpbnpx0%3D%7Ctkp%3ABk9SR6Ch2-fgZQ,https://i.ebayimg.com/images/g/VDkAAOSwN1doILmo/s-l500.webp,2025-05-25T09:07:25.834530,
Ford Transit Diesel Manual Trend 2.2 DCI,,,1160.0,"Â£1,160.00",Pre-owned,N/A,,N/A,Buy It Now,N/A,,cndpg-74 (72) 100%,https://www.ebay.co.uk/itm/197324150213?_skw=ford+transit&itmmeta=01JW37PT282A2B7PZXR7CRDJ40&hash=item2df16f95c5:g:5ygAAeSwR-5oJwXr&itmprp=enc%3AAQAKAAAA0FkggFvd1GGDu0w3yXCmi1cpHs3%2FM%2B3WKiDN6668txlMIA9lOTiq0YYkChnROJUrw8nnyVvlFtyaWDlyM8JfEBvlj45CCBygS2xBl8PuO26aqNlGtdF931ig6ln1rQgVqkAkyN%2FVwHzgiIrN%2FDFXv3KkmhNCyIDQ5mACKUZcP3ISRNpdi%2FV84gbB5MyAV6O%2FxWX4m8y1bY8ts2rkwp12hdnFeGrfnls6ftpk%2Bso9LWhTOpnNjkBwh1q8d37IUmpEfsy0J4Jx0OEZG3BPXfcIVfE%3D%7Ctkp%3ABk9SR6Ch2-fgZQ,https://i.ebayimg.com/images/g/5ygAAeSwR-5oJwXr/s-l500.webp,2025-05-25T09:07:25.862325,
2018 FORD TRANSIT CONNECT 1.5 TDCI TREND LWB NO VAT 2 ADD 1 OWNER FSH 3 SEATS,2018.0,,6500.0,"Â£6,500.00","SAT NAV, REAR CAMERA, PARKING SENSORS NEW RECENT MOT",N/A,,N/A,Auction,N/A,6.0,wpl.group (17) 100%,https://www.ebay.co.uk/itm/146571446377?_skw=ford+transit&itmmeta=01JW37PT28V1HZF8KFNWXXYN7N&hash=item222056c869:g:7rAAAOSwAvtoD-ID&itmprp=enc%3AAQAKAAAA8FkggFvd1GGDu0w3yXCmi1dF4exBxIbZB%2FStcdMA%2FMzZzpPElzSPCxJcBzeOAVo%2FiVJLFqhDz2AWBXyVOnGeszDH641ZBAEiSZkHDQmmY1K5shrbelOFYXfdBFLlQFTOtNFYaJYzNKxwxxMJU2BqLq8lDg0HLBYpdut%2BaTp22M%2BrP2QRYonDUNd0wgqNFwl2KIQZ7hZOeAVxKaE9P5FxQNhZm9vkY1ZTS%2BTAcQ57n4ja%2Fb50sF1Y79JYXT5KyKYTVAGQbHpNUFXRW%2F1fzMYwsd19fBChDcQbjBNOj1k4OLqBOrhYYMQwiZiByttpkP5tpw%3D%3D%7Ctkp%3ABk9SR6Ch2-fgZQ,https://i.ebayimg.com/images/g/7rAAAOSwAvtoD-ID/s-l500.webp,2025-05-25T09:07:25.889796,
ford transit mk7,,,2750.0,"Â£2,750.00",Pre-owned,N/A,,N/A,Buy It Now,N/A,,bcanha40 (24) 100%,https://www.ebay.co.uk/itm/127095482230?_skw=ford+transit&itmmeta=01JW37PT28WDNVW3C0877F4B5A&hash=item1d977b2776:g:TkEAAOSwDA9oGeTU&itmprp=enc%3AAQAKAAAA8FkggFvd1GGDu0w3yXCmi1cDlTXbryvRFWofmRJnSR19WGAkuIYUxFiy0luw9sEw9Nm2lXC%2FA%2Fo%2FdsC2fC6cKHXY8o16%2BvYy4X%2F6BRHhXK9cz03%2BcPhT1mvEPsRP3pMQPcQ7JbeWawd6sZKDz6i29oPBBaGHBFPNG%2BDMLzecqn1CHK1VszBMJZWosZH9RpIdZo2zgjIaDQCI%2FAk5%2B25Y%2B9l0Ocwwg3NAAhTsHcNDNXM1dY9Xg%2FTvB5uycRhLujlgln0pFvpZO3McQAzQvClOpBWQxrdA6JFcsHEYVzis2phIiCMr%2FxL5fn25gJhCzt6Csw%3D%3D%7Ctkp%3ABk9SR6Ch2-fgZQ,https://i.ebayimg.com/images/g/TkEAAOSwDA9oGeTU/s-l500.webp,2025-05-25T09:07:25.919604,
Ford Transit Tipper NON RUNNER,,,1000.0,"Â£1,000.00",Pre-owned,N/A,,N/A,Auction,N/A,8.0,gonz1982 (29) 100%,https://www.ebay.co.uk/itm/135775636957?_skw=ford+transit&itmmeta=01JW37PT283TH63YSR8S3QVXCF&hash=item1f9cdbcddd:g:MMoAAeSwhIxoE6oy&itmprp=enc%3AAQAKAAAA8FkggFvd1GGDu0w3yXCmi1dYOCPxzS1wbSpvruxVqVXSIRpgQy02gbfhqS3QHJOuaoA1S7jnalDK13zfpagIwgz0qnsSfoyvQCCdfrgY9szv2oqmuPCLBzh1Ah7Ruu46Xxj7KG0yP8H30SY4IONAeM%2BgFsBRHa1sdkH%2BmQYaTlF7EceefnMDXX4ri5XFUvFeCCYkp3L3UPKAdQLhnezrbPUkGn6obPuQ%2FPzTRFKIL5zdO9R4csR7rUOM3wiEcc1qOL2r4UCdj%2FPwS4D6ToDircAZp2V4L5p%2FWyOHyupebgW%2B67%2Bb4VttIEnMdo5WhMZnXw%3D%3D%7Ctkp%3ABk9SR6Ch2-fgZQ,https://i.ebayimg.com/images/g/MMoAAeSwhIxoE6oy/s-l500.webp,2025-05-25T09:07:25.947785,
Ford Transit Tipper 2013 CONVERTED to 2.4,2013.0,,5500.0,"Â£5,500.00",2013 Converted to 2.4 87k,N/A,,N/A,Buy It Now,N/A,,tink4x4 (782) 100%,https://www.ebay.co.uk/itm/256932346014?_skw=ford+transit&itmmeta=01JW37PT287BBW2QXZQTQ8DVDM&hash=item3bd25c789e:g:QS8AAeSwCe1oJTGp&itmprp=enc%3AAQAKAAAA0FkggFvd1GGDu0w3yXCmi1dFsf1DnjfmFBKXxIkg1T4aqcwmw%2BNw10pe5uaSLTQGt3cBYgMAT55MfrMG%2BflBJDHtk%2FwgSZTw2YkDo3mdAeJbXycZWSbkuG40XzMIhjUVb3UbVw76C3qzhA7KT0xEdHnQnnJAuh7qgpe89SUIy%2BAtHiT2pAkhmQgZKQ7b8acPB9Bc2iygOCm%2Bv%2FV0vswJLpu9%2FnSGl%2BP1%2FfOUKpKEeMEB6d4q0VBnJMBM7whsRKJYEjGFdYrNzZT2zugGMxRBi3c%3D%7Ctkp%3ABk9SR6Ch2-fgZQ,https://i.ebayimg.com/images/g/QS8AAeSwCe1oJTGp/s-l500.webp,2025-05-25T09:07:25.975570,
Ford Transit Connect 210,,,3120.0,"Â£3,120.00",Pre-owned,N/A,,N/A,Auction,N/A,12.0,sphnor-0 (0) 0%,https://www.ebay.co.uk/itm/376223645053?_skw=ford+transit&itmmeta=01JW37PT28JRF066VPTVNXR71M&hash=item5798ad3d7d:g:~qAAAOSwPfhoGL76&itmprp=enc%3AAQAKAAAA0FkggFvd1GGDu0w3yXCmi1dTAfv1vPVO%2BuX2W3FBBEWAvf9j1antQGvj3NgrjsNW%2FAKJ6MR0Myb2o7FiX58PoR%2Fiq7J9zf5jBEQFC5sjUde4D9VuMAgtjJBYtm0pBzUdEy%2FyuHfyTd6BtcGh%2B%2FCRuZn7xIW1Gp2cp24tCdzY9VhWJAgwELnqw5xQ6CYh4hZD4VAdxK0X2n3WreYQm90rMnWMosy91mz64UeKGOYFS4MWdHOu44UlWOigMwXjevUxNbo9Ton9cZkDB%2FbIhi8avqs%3D%7Ctkp%3ABk9SR6Ch2-fgZQ,https://i.ebayimg.com/images/g/~qAAAOSwPfhoGL76/s-l500.webp,2025-05-25T09:07:26.006280,
Ford transit 2.0 330 Ecoblue FWD L2 H2 Euro 6 Van,,,6495.0,"Â£6,495.00",Pre-owned,N/A,,N/A,Buy It Now,N/A,,saeeda.bano_7 (148) 100%,https://www.ebay.co.uk/itm/236096653511?_skw=ford+transit&itmmeta=01JW37PT28R13YKQFJB2TPJPDK&hash=item36f87508c7:g:jT8AAeSwtR9oISXN&itmprp=enc%3AAQAKAAAA0FkggFvd1GGDu0w3yXCmi1dTanVtv9ljIg6YonJ00uo8MFaVKl8loiyKrZzgz7mAUkkHRKOImdTbqyytZUJ%2BwxSHNda2ZmB9N73fV3xM7rjdbCA2Sk%2FKIgSy89tS9v6SDO50GLGIsRPLBhB1zGj2NXzD%2BSqnjp9zhWSu6twfyN2eP9ewA5rlul%2BtpmwiXGJgdPn2gtjJtkpMzWgpI%2FcDE1ntsYmMISYEHzLrbA3ML86yaLogXywzcy%2FFhBRKMkucPGro0RNRoVSSQAwJuEAxG5s%3D%7Ctkp%3ABk9SR6Ch2-fgZQ,https://i.ebayimg.com/images/g/jT8AAeSwtR9oISXN/s-l500.webp,2025-05-25T09:07:26.034114,
Ford Transit Connect 240 2017,2017.0,,3400.0,"Â£3,400.00",Pre-owned,N/A,,N/A,Auction,N/A,10.0,jadzia.m (149) 100%,https://www.ebay.co.uk/itm/267244567217?_skw=ford+transit&itmmeta=01JW37PT288EPTD90545V37PWY&hash=item3e39047ab1:g:ksUAAeSw15tn4HIi&itmprp=enc%3AAQAKAAAA0FkggFvd1GGDu0w3yXCmi1dfU7cew4whiAhMI87%2FKyWJa%2BZuP5sdXDhgwPjnAAJmvR5%2F62ThmbzQBryQcGkZKELlaHiAqWuOd4LGYjql7UWiqcWNbdlEiYB1ifPdGOSEYFku1qQo54XJNshD%2BmwraVhFW6kN47aqOcgGH95Dp0X6c9SOno7FW%2F2cc9oUmJu55Agw6peI0D4JVN%2B6RmCtD4rDzooWUwRt2PlInsaZBX3ULYJDI%2FfkEPmKYNgUOwBozjZBGc5Nu0TN0fmV8VQIDWg%3D%7Ctkp%3ABk9SR6Ch2-fgZQ,https://i.ebayimg.com/images/g/ksUAAeSw15tn4HIi/s-l500.webp,2025-05-25T09:07:26.061022,
2012 PLATE FORD TRANSIT 280 FWD 2.2 TDCI 125 SWB TREND 9 SEATS NO VAT NO RESERVE,2012.0,,3600.0,"Â£3,600.00",EXTREMELY CLEAN BUS RUNS AMAZING FULL HISTORY BARGAIN,N/A,,N/A,Auction,N/A,44.0,40-tta (323) 100%,https://www.ebay.co.uk/itm/197297906854?_skw=ford+transit&itmmeta=01JW37PT28XGZFAK75FHPMH1W6&hash=item2defdf24a6:g:yHIAAOSwa9Zn7rsH&itmprp=enc%3AAQAKAAAA0FkggFvd1GGDu0w3yXCmi1d0Excl%2B5DUXX%2FecjMn%2Bx1bsLOPVzZYMlKGjvNYedrku6xyaXzePzmUoo%2BKAwn91AQ%2Bp4LCC%2FQsWO11ubCdlvEPrYuXCC3QRXxikW%2FAod%2FhXCtgPiGyXz8uvvxRYaVgxNSGDYDZjfr5dLVVLa6yRDhCXdlEPabGp9VdmKmFbohgSgOIhIWeCjzG50PfQtYw182zQBcKN9izuDjYmJoWgJIaGHlVODT1SDRDn%2BxGzfs87TPjfTPtpaWdTt1dDGih8BQ%3D%7Ctkp%3ABk9SR6Ch2-fgZQ,https://i.ebayimg.com/images/g/yHIAAOSwa9Zn7rsH/s-l500.webp,2025-05-25T09:07:26.091579,
Ford Transit Custom 310 Sport SWB Blue Metallic VA15104,,,10500.0,"Â£10,500.00",Transit Custom SWB - 5 seats,N/A,,N/A,Buy It Now,N/A,,bluecan96 (129) 100%,https://www.ebay.co.uk/itm/297275867222?_skw=ford+transit&itmmeta=01JW37PT28E7XACS7Y2V62W898&hash=item453705c056:g:PDgAAeSwUvNoFzhT&itmprp=enc%3AAQAKAAAA8FkggFvd1GGDu0w3yXCmi1fyPym%2BK4ngHhxfDu0Hkapeb2XDnDWvFBuuW2tO6%2Bbs%2BBF5J9hymSUzk7ENvnj3la9deDfqbG3a6etjuhlqQ72bDRGu3viD7dPBI8wnQBjb14OJWNAHUtiE56EvyY5QyO%2BsKycqPrmHxNS%2F9aqig81TO3%2BFXfnTNKiWsyiRU5EonBGKLcIXKyKK9yHxbseXMF2ThnBhwVMKoQI5VlqN964OXcDGHmLZNZ5uFRs4OYz1SM3g1p08%2BfgqJ2ENgoJ3yUR3jY0HNajVglrifWz28Yo88UKq3bXizpyi9BzC7pfq3w%3D%3D%7Ctkp%3ABk9SR6Ch2-fgZQ,https://i.ebayimg.com/images/g/PDgAAeSwUvNoFzhT/s-l500.webp,2025-05-25T09:07:26.119459,
"2016 Ford Transit Custom 2.2 TDCI 270 L1 H1 125ps - Trade Sale, No Reserve, FSH",2016.0,,2550.0,"Â£2,550.00",12 Months MOT,N/A,,N/A,Auction,N/A,11.0,hndisposals (21) 100%,https://www.ebay.co.uk/itm/127100134636?_skw=ford+transit&itmmeta=01JW37PT28XYRXSAG94P5MAA71&hash=item1d97c224ec:g:2SoAAOSww~JoHNAB&itmprp=enc%3AAQAKAAAA0FkggFvd1GGDu0w3yXCmi1e08RZ%2FhoaFGQgNGCAyeo3uPG%2BSnRTxUjTkLUGzctM67n18R7uIJpA%2BAx909JSui3lyhSkBCubhwAzx6%2BtJh6ITx4V2MUVIQ3fOGluORvyX2fe6Z1o4VCwL%2BDLTCunswRSljNoyXgS%2FV%2FeuFvcdFj9GJnCkv3kDBKX5Dhqqg0WR0PEdlT9xdIO5dUgp3DtKglyakaMbTQYsT7zZt6FKQ3YzufSiLR5WLUzJXddYUjQkoeXlM6hx88XlqZYbe2flsUg%3D%7Ctkp%3ABk9SR6Ch2-fgZQ,https://i.ebayimg.com/images/g/2SoAAOSww~JoHNAB/s-l500.webp,2025-05-25T09:07:26.146456,
Ford Transit Custom 2.0 280 EcoBlue Limited L1 H1 Euro 6 5dr,,,7500.0,"Â£7,500.00",Pre-owned,N/A,,N/A,Buy It Now,N/A,,burnoutuk-store (123) 94.8%,https://www.ebay.co.uk/itm/286552940971?_skw=ford+transit&itmmeta=01JW37PT28GF8YKVGJ13EVCM57&hash=item42b7e2e1ab:g:MSIAAOSwr3doHJHj&itmprp=enc%3AAQAKAAAA8FkggFvd1GGDu0w3yXCmi1drw09pXDPK2lQ4b%2Bq4HBZu2TMvmlSz8mJK713%2BWl%2FZrLdP6VanIeyxz7ZAef3ZfoM9tj9vtSYRGPSAjYbcATeQC8DHrI7E3zETmd3wWHQjF39tMbtxUyiRz0xnRuiptiQ8Kb3x4%2FYjGeoXzCET5H7Me8FtAEcpjQO4kPsiK98y5rjUrXosDJZZQPWWhfTtA9oLRVlMvIY7mDx2hiAlXK%2BkCXbpxMuSCx0MBxyJZ32C2LkXvOUFg%2BNW4eaFDzjJBuQREVqJjev8z8Y%2FxKgv84iT6Rjw%2Fw0Ma%2FpC3d9QDP3XIg%3D%3D%7Ctkp%3ABk9SR6Ch2-fgZQ,https://i.ebayimg.com/images/g/MSIAAOSwr3doHJHj/s-l500.webp,2025-05-25T09:07:26.174289,
2014 Ford transit mwb semi high top Mot till Jan 26,2014.0,,1500.0,"Â£1,500.00",Pre-owned,N/A,,N/A,Buy It Now,N/A,,"jlbltd (1,443) 91.7%",https://www.ebay.co.uk/itm/316795691457?_skw=ford+transit&itmmeta=01JW37PT28J7N77WRWWC5SYTAS&hash=item49c27ea1c1:g:R~UAAOSwNZ5oIkRd&itmprp=enc%3AAQAKAAAA0FkggFvd1GGDu0w3yXCmi1czMa2QJ3YSTxSY9CsYmNKRgqAKwPQXTyNdBxfEItCk6stymmHlTk0xgjNe29oTA9ceHOUNj8c1qF%2FUI17zOgvh2P81zYnxkoU8ZGy3hvkXfwzHWdAGBL8tPJ5DZcE1kiE5GVXQm2PRZ0AXU7FPnS7ZCLVOWDroHcp81%2B80J7Reo0i%2B4lsdy1uvFqrQ5P3I5C6m3Kh3m0q4p8071myu8ksYu6%2BJuVYQQ%2BlovBqYTD9SmbjPNFXdSfOzvadnvmClCIo%3D%7Ctkp%3ABk9SR6Ch2-fgZQ,https://i.ebayimg.com/images/g/R~UAAOSwNZ5oIkRd/s-l500.webp,2025-05-25T09:07:26.201529,
FORD TRANSIT - REPOSSESION,,,2416.0,"Â£2,416.00",Pre-owned,N/A,,N/A,Auction,N/A,37.0,keylessreposales (87) 100%,https://www.ebay.co.uk/itm/197297287788?_skw=ford+transit&itmmeta=01JW37PT2877ZH39R17GPY5X25&hash=item2defd5b26c:g:8PAAAOSw4-Rn~ODI&itmprp=enc%3AAQAKAAAA8FkggFvd1GGDu0w3yXCmi1ewVeO%2FkNk04j5G5CLfhN9oOXS7r8vkWKw%2BrafdGi1AZ4dGAl4r6mvhMLO%2F6JXzZI%2F041IXIhA4DraCmRPeUuSrFiidINk5SYCOcKCnP9F5hEpQPl91fLeUqcJKX%2Bxw1sybqsV3wxRpg5hEY7RBXScLYAyQeFGTqS8nzJtDrqbQ24pr0Ow%2FjX8DVW%2BDIu%2Bp7hN42cMjBuXZLQtCy66Cw--POP%2BNo2HSjzURgO5JRRUA1gXciW2Ba%2B8c6zVHPZ3MFiWvt7b0%2FqTsFHTtfBqXdtala9Ddlh9X7uJO0mse5qROqg%3D%3D%7Ctkp%3ABk9SR6Kh2-fgZQ,https://i.ebayimg.com/images/g/8PAAAOSw4-Rn~ODI/s-l500.webp,2025-05-25T09:07:26.229467,
Ford Transit Custom Diesel,,,8200.0,"Â£8,200.00",N/A,N/A,,N/A,Auction,N/A,2.0,cajo731353 (7) 100%,https://www.ebay.co.uk/itm/376231489964?_skw=ford+transit&itmmeta=01JW37PT28DWKW1ZSY58768PDA&hash=item579924f1ac:g:HYIAAeSw2h9oHJ5f&itmprp=enc%3AAQAKAAAA0FkggFvd1GGDu0w3yXCmi1dh0zkLq6ucvK0PEu7AZHhiEM1LgoJlOsejd1eHqMRaBqagWjzYkVFVQmWRqHdr83NjjxI0MMh6GjoL17yZQhRCcYKva0I1fLFeQsNviFp5rwDj72jjYuM0Y4O4%2BrWtGrUfx%2FPBlhproM107wRmKiU8NVFcfcomrNCZNUh1djhxRKYg16NYm%2BODGVQ5ENyVn41QooJLKLeOo3Ahf6wFwzUL%2By4H6wmW4PoqVnA36NjUs36O6tqoSSfxEvPSSm66Y6M%3D%7Ctkp%3ABk9SR6Kh2-fgZQ,https://i.ebayimg.com/images/g/HYIAAeSw2h9oHJ5f/s-l500.webp,2025-05-25T09:07:26.256836,
Ford Transit Dropside Pickup - Sold As Seen,,,1500.0,"Â£1,500.00",Pre-owned,N/A,,N/A,Buy It Now,N/A,,cjlhughesscaffolding (22) 100%,https://www.ebay.co.uk/itm/197320655222?_skw=ford+transit&itmmeta=01JW37PT28TKJ8D9741NT5TXF3&hash=item2df13a4176:g:m84AAOSwP~VoJblh&itmprp=enc%3AAQAKAAAA8FkggFvd1GGDu0w3yXCmi1fSyhYSoq6583425wp%2BIO0JJdM20w%2BUaOHf4WXl3ZldB%2BC8Eda4Ex2CiuSgn0AJOlAT4yNjt43lKBkOY4j1%2Bmeq%2FFbapTpFnVjTryMHO%2B8wsjfo9XQjZOCsqMfR3W9FTf%2BuRvnYQeV0s6i0gpL%2Fwd7ESBn0nR2vjaK3dcSFxTRZyz9W69RXh1pOFrts98AsKlVLYJDhzXzYW%2BWyGL%2FiXgvHrpSj0EqM6zuBUfmuTO8Yeenrmb6yQnpuLTxOkiBIbiv6%2FE1BMsYTbquLsUBjZmb4QLsw1WtPmVZdKfScmuTmcA%3D%3D%7Ctkp%3ABk9SR6Kh2-fgZQ,https://i.ebayimg.com/images/g/m84AAOSwP~VoJblh/s-l500.webp,2025-05-25T09:07:26.286893,
2015 Ford Transit Connect 230 Crew Cab LWB,2015.0,,3350.0,"Â£3,350.00",Pre-owned,N/A,,N/A,Auction,N/A,1.0,victoria.-29 (35) 100%,https://www.ebay.co.uk/itm/388385104787?_skw=ford+transit&itmmeta=01JW37PT28VSSGNSB0E1NZ4KZ4&hash=item5a6d8e6393:g:xnwAAOSw0-ZoD0Is&itmprp=enc%3AAQAKAAAA0FkggFvd1GGDu0w3yXCmi1fy2kU%2FVxy47WqHk9V%2B%2FTA4S5m%2B4U0ol5%2BusOO4%2B66bYopIlL5b%2BZHJmhuMOWQZ98MhpOYKPwx0vn21J57NmlDAusDulUbiYoCe%2BRAfSzy5YHpEz2x2Bgzdta23DI7FbRGpp7uXJV28MkYUkv%2BJ%2Feti3SdZlr9YCM9pP67Na08WsLBPchHHZRy7dZ0G9%2FRBYbq8k6zojHUmGttGJoY3mP9N5A0s6SmXK1qgVNjvBjxgOsQJ7DW83VZU0ekthOfkrvU%3D%7Ctkp%3ABk9SR6Kh2-fgZQ,https://i.ebayimg.com/images/g/xnwAAOSw0-ZoD0Is/s-l500.webp,2025-05-25T09:07:26.314232,
Ford Transit Van,,,2500.0,"Â£2,500.00",Pre-owned,N/A,,N/A,Buy It Now,N/A,,2862emilyb (521) 100%,https://www.ebay.co.uk/itm/197318316725?_skw=ford+transit&itmmeta=01JW37PT28VS7WDXE7HK8SHHQE&hash=item2df11692b5:g:jgIAAOSwzhFoJN0f&itmprp=enc%3AAQAKAAAA0FkggFvd1GGDu0w3yXCmi1cvVAFimVarVheoBWZN1j2E0bYJI0l2y%2B1SLe3kk2jJKGcS0gr7XpdA2ZEpatoc90yZvbQD0myJWPu%2FYA80wh2waWOuXrCu3IeeTwflMI%2FLyo23QA9Bgk9uhK0SiDEgr%2FnmWFygfD9%2Fpa8u98Vvs1z0tsX6H2FSGLhtvoQ4m%2F0sPxGC1AM%2Fjz3BgZMJSUwlcpVu9ske2BPHWIclRQqzN1fj1j3QxV1GEJVQUiOpcmz%2Fs%2FNvROP66wRuPUAbzI7Y6m4%3D%7Ctkp%3ABk9SR6Kh2-fgZQ,https://i.ebayimg.com/images/g/jgIAAOSwzhFoJN0f/s-l500.webp,2025-05-25T09:07:26.342073,
Ford Transit King Cab Tipper,,,1500.0,"Â£1,500.00",N/A,N/A,,N/A,Buy It Now,N/A,,odessa_farm (131) 100%,https://www.ebay.co.uk/itm/177077575424?_skw=ford+transit&itmmeta=01JW37PT28AAZT9ZB6RPJ9KX0C&hash=item293aa55f00:g:Dw0AAeSwLwBoEi0D&itmprp=enc%3AAQAKAAAA8FkggFvd1GGDu0w3yXCmi1dwLAC5eG740%2B8PYvso9VOrKhZVDxGoeRXYzDtNiHVTwGQDHpYVSC20FCxwmsmZSXUEaJmqXoHpQjDe%2F3tBFjSveVuV8YvpByEKyeiydLOTUUn21TC%2B6WTsVjHTAIPKMEteCHVJQ5M7%2BGYkMgIjWGvd9zlikCS3J9nQdmKDtLFc%2B2a04Qrqdxm%2BC%2BrfMeou%2BMrOYLH9hOt9pfJUq%2FFRndKIMXHizhcmbFM1coL3uEGqhBczTEgLhjBtga%2BsISSMCCnqbdSR4MQaLDwkaQdodxqWSGrPa0u0B5E3rVDIuXgJpA%3D%3D%7Ctkp%3ABk9SR6Kh2-fgZQ,https://i.ebayimg.com/images/g/Dw0AAeSwLwBoEi0D/s-l500.webp,2025-05-25T09:07:26.368665,
2019 Ford Transit Custom CREW-CAB LIMITED 130PS LWB - NO VAT - ROOF RACK- TOWBAR,2019.0,,13795.0,"Â£13,795.00",2019 Ford Transit Custom Crew-Cab 2.0 320 LIMITED 130PS,N/A,,N/A,Buy It Now,N/A,,mcr4548 (95) 100%,https://www.ebay.co.uk/itm/376224494134?_skw=ford+transit&itmmeta=01JW37PT28CFS0G8GZXRQKJ9CT&hash=item5798ba3236:g:~XkAAOSwQc5n7FqR&itmprp=enc%3AAQAKAAAA8FkggFvd1GGDu0w3yXCmi1f161S%2B6Fa4dHjgvZHFGErl%2FWbFYEMCVKFY5EoxxScR6V8n2gfNA49JsQnLdGCkWqfTv3GqLKUOpTgsgSpj1ktrUnncT9RYSSkX4w3POPd7NVkLOpjy5EAdQIv8HyxHpim0zyPKqCZMItbRDsgGk2FaLfVpE1NgVWFZBY6fBLjW6Uf0bb92qVV0xphnBsp1PrsSPKz7Ezuj3Xi0tu1d346dOql%2FeujZi%2Be4j2lGaSQZUPEjaJmZdf6dK20MZCdlptVF8UbDv50I%2BNpTKEmXZfSv08BdT0kPP85P9%2Fgjdu5ckA%3D%3D%7Ctkp%3ABk9SR6Kh2-fgZQ,https://i.ebayimg.com/images/g/~XkAAOSwQc5n7FqR/s-l500.webp,2025-05-25T09:07:26.396131,
2017 Ford Transit Trend,2017.0,,3100.0,"Â£3,100.00",Pre-owned,N/A,,N/A,Auction,N/A,2.0,lj2oo8 (662) 100%,https://www.ebay.co.uk/itm/116593320096?_skw=ford+transit&itmmeta=01JW37PT28KFZK0X1J8XWWSDD5&hash=item1b2580e0a0:g:v6UAAOSwkx1oG9am&itmprp=enc%3AAQAKAAAA8FkggFvd1GGDu0w3yXCmi1d7c0--qDqL5YyRJ5UBhyGiZ6TYaUePml0UniRzf4MheesjeJ61kKf3dm37JLBO0WHe%2BcU%2BZZHrW0Fx9HEF9I9pUtZaU5xKrIvCJ4tv%2F76cNnUOn6od3c2jvsbVirrHVqMj0ek4j8AkmkXGsSwq379Oza8JRqbLPwdEFGz48uJoq8Ul5oUWpJVFRDxH7MBIrFeiBM%2FlOmBTEhGCeRM2BQQfHmIzTUnrcib5jseNm4tJWn%2Bew8ZlGpA5WVztBohmCsOeePHAIMOsNAKBZTH67tONF1OiI0q1kOdlE04anC4CNw%3D%3D%7Ctkp%3ABk9SR6Kh2-fgZQ,https://i.ebayimg.com/images/g/v6UAAOSwkx1oG9am/s-l500.webp,2025-05-25T09:07:26.426654,
Ford Transit,,,9000.0,"Â£9,000.00",Pre-owned,N/A,,N/A,Buy It Now,N/A,,007bond*james (143) 80%,https://www.ebay.co.uk/itm/236102304216?_skw=ford+transit&itmmeta=01JW37PT287P2SNWS5ZN3J0XEF&hash=item36f8cb41d8:g:l4YAAOSwiMxoJPMC&itmprp=enc%3AAQAKAAAA8FkggFvd1GGDu0w3yXCmi1fGHRlLu%2Bk8wGIZC3TnKeOd7B%2F5DhoQLaIkGbdKZb9SexoCS2rwm284wC1X4NNF%2BjW3IaqwM978i3tcrbo8ECE7Ccqb7ATO708lc1bhFfVuXpBvPp2HPZKiY8kbz4OEFJ8bYY5QkmEci6Jxgp5nS2rRILG53TdFuEiV%2FhTrScvX%2FVtGBn2c5ZTdVqe2chRx9LtOxDqds2ZnSRlk06grhPt2wThhd7zxmdGhs4i9pejVnC98FpJ%2B%2FH942PrjJbBJFQz%2BklScauIoDHKROdQlJ1hsQ6FaJfvv7cdqOg6RLvCBxg%3D%3D%7Ctkp%3ABk9SR6Kh2-fgZQ,https://i.ebayimg.com/images/g/l4YAAOSwiMxoJPMC/s-l500.webp,2025-05-25T09:07:26.455891,
2019 FORD TRANSIT 2.0 350 ECOBLUE TREND PANEL VAN NON RUNNER / SPARES OR REPAIR,2019.0,,5700.0,"Â£5,700.00",Pre-owned,N/A,,N/A,Auction,N/A,42.0,"north-west-repo-cars (1,674) 99.6%",https://www.ebay.co.uk/itm/197221802057?_skw=ford+transit&itmmeta=01JW37PT2894MM7CGQPM5VA5X6&hash=item2deb55e049:g:yb8AAOSwEktoHK3K&itmprp=enc%3AAQAKAAAA0FkggFvd1GGDu0w3yXCmi1cVVGtfsQD8TX1vppQUUFJ0%2FuXRaIEA%2FWb46sBEZbFHsMKEostP8euJGUmU3bca%2BPNobPAU9iBPSCsCdztt6ZQovnaLSFxvSdFUi6si0HZkbKrCjHRr0PGMHkdJfOypNqr1jXkk2p9qTBcSMFzhV6si%2Fuzu1WqpLllYX5JnCD%2FbFroj7g%2FYR5QVufXhOW6xtQhGEt945R6NJur7upNDuYfTvIjjqqEHymPMBfds79BBXpBgcPemoMrVySP%2Fr4qxre0%3D%7Ctkp%3ABk9SR6Kh2-fgZQ,https://i.ebayimg.com/images/g/yb8AAOSwEktoHK3K/s-l500.webp,2025-05-25T09:07:26.484026,
Ford Transit Custom 2017 New Engine 10k miles ago ULEZ FREE,2017.0,,4500.0,"Â£4,500.00",Pre-owned,N/A,,N/A,Buy It Now,N/A,,smart-vpn (177) 100%,https://www.ebay.co.uk/itm/156975527550?_skw=ford+transit&itmmeta=01JW37PT28ZVBWMTX2PV8687YR&hash=item248c78767e:g:vZwAAOSwgd9oH9BD&itmprp=enc%3AAQAKAAAA8FkggFvd1GGDu0w3yXCmi1eBzwG5RyWDoXUemglfrKfaOWhZ8inX2kZhonvpYsjLxR0lCqe6Z1jcyiphe0tKn8IuG71TPui9bIXuKBHoXKQf0etuWrKog1IG9oODiD7Gdn0wYGrJkc%2BXhE4TGmiflSUbFTvyr%2FzXnNGIfcE74UQ3FyKdygz0Q3si7p%2FlzMpduHKqX7lHoYuCsMHh0aEwDJDaLUmsmQ5HI05NrcWjZ0DwrTEgGm6YXoehP0%2FAjSZjE4uDccFBhypkLLatWAF587mZqKAyXRxTGMKVJBp2toL779YX776rugzbtOw3C8TE%2Bw%3D%3D%7Ctkp%3ABk9SR6Kh2-fgZQ,https://i.ebayimg.com/images/g/vZwAAOSwgd9oH9BD/s-l500.webp,2025-05-25T09:07:26.511140,
2007 / 56 Ford Transit Dropside 2.4 Diesel,2007.0,,1220.0,"Â£1,220.00",Dealer Part Exchange No Reserve,N/A,,N/A,Auction,N/A,14.0,"a30carsalesofhook (2,165) 99.4%",https://www.ebay.co.uk/itm/388381841688?_skw=ford+transit&itmmeta=01JW37PT28RWHCSW5PXYW2MD0P&hash=item5a6d5c9918:g:1h0AAOSw3n1oG4JC&itmprp=enc%3AAQAKAAAA8FkggFvd1GGDu0w3yXCmi1dPibuSEIU4ssYsH2fZcKAwGl4d9BSMDp9kRccXoFICN8GxfXO%2Bg0yv4vzIrSZCqBqTfV24US2%2F0yap7YlZ44wzUJvTkwNDA9MFE1mv75D2oDSSK6ENpG4K5BCombFatupnQRXniRfmnk%2F5jpgysgNFFwRPiVqQy%2FXS%2FZ9PySOWu2A0JUAK1QS3E1Xdm2D%2BG%2Bk4jKs%2BfGvAwQ%2FhOFOfBfvo5Slxw2wDcTNt1OY6jfLM4q%2F02iLj6O8hAH3xZv6Z2KfJVNwCaZsMZtCv%2BJm3qGV0TnDkKgrmBrvZpYtFzAGj6A%3D%3D%7Ctkp%3ABk9SR6Kh2-fgZQ,https://i.ebayimg.com/images/g/1h0AAOSw3n1oG4JC/s-l500.webp,2025-05-25T09:07:26.541365,
ford transit 100 t350,,,5150.0,"Â£5,150.00","NO VAT, camera, parking sensors",N/A,,N/A,Auction,N/A,4.0,lemonlocks (775) 100%,https://www.ebay.co.uk/itm/236090250180?_skw=ford+transit&itmmeta=01JW37PT28Z147X6ZCEMGC3ZYE&hash=item36f81353c4:g:1s8AAOSwOn9oGPD9&itmprp=enc%3AAQAKAAAA0FkggFvd1GGDu0w3yXCmi1ebZMAQkBXADuec4foSO25FNWAOebrcATtLq3EOv5lyboO4w7aEMthH33JPzRL5I88hExwHMFT9i7n7fSOWpam2yEzioD3nkZDRoDfOnd6vqhM2P1Hul0xhk%2FNtjRzTtc29D8%2FTwZrbYty8DAiPk%2BcOip0VBRr2SFXnbYDvXOZb5VZvvoFNF81O61dFvV2LgKb9UkZbLnDZwLsClHyeJQRC83fNzqT7QqCslj5%2B51BW5kMLlGaQZPFFo%2FcR9Z2AdBg%3D%7Ctkp%3ABk9SR6Kh2-fgZQ,https://i.ebayimg.com/images/g/1s8AAOSwOn9oGPD9/s-l500.webp,2025-05-25T09:07:26.571834,
NO VAT - Ford Transit Custom 2.2TDCI 100 270 SWB Trend Van,,,4000.0,"Â£4,000.00",Pre-owned,N/A,,N/A,Buy It Now,N/A,,drvehiclesales (101) 100%,https://www.ebay.co.uk/itm/177079196356?_skw=ford+transit&itmmeta=01JW37PT28G7RV8MTX7PEFH60Q&hash=item293abe1ac4:g:NokAAOSwXiJoG63V&itmprp=enc%3AAQAKAAAA0FkggFvd1GGDu0w3yXCmi1cXuyA99avgN7huRWpJoq6YspTCvXy8GCqfvaDP%2BpprXZdqD5qPnxrdPknV7VvNZLiOTcW2a%2BsxTIG83J7vXqG6fCvMLRrfPGg89hNJyXUgGtGHPTboN1IgLtTvoY5CRkuaObYvNCFqLr6DC7ZJ3IK7uXct2TI0mVu5d62udv1skIAsd1ZPb8Db3rDrRJ1ipDnxqbMyooANXKge8hci1jgM1zZv1JOv0h4tkdpcBLw5BumUWGKP3klXa7tLRFlC3Wg%3D%7Ctkp%3ABk9SR6Kh2-fgZQ,https://i.ebayimg.com/images/g/NokAAOSwXiJoG63V/s-l500.webp,2025-05-25T09:07:26.599661,
